,Bank Name,Job Title,URL (URL of the job posting),FinTech Score,Non-Fintech Score,Admin_Clerical_HR - Sheet1,Audit and Finance,Business Intelligence and Analysis,Data Analytics and Machine Learning,"Marketing , Sales and management",Network and Cyber Security,Softwrae Development,_Investment and risk management__ - Sheet1
0,ï»¿['Key Corp Bank'],Personal Banker-Centennial-Smoky Buckley Branch,https://careers.key.com/en-US/job/personal-banker-centennial-smoky-buckley-branch/J3M2QT6H82LKS5R7QM6,2,4,0,1,1,0,1,1,1,1
0,['Key Corp Bank'],Personal Banker - Rochester Central Area,https://careers.key.com/en-US/job/personal-banker-rochester-central-area/J3T3QY6V04V666444MG,2,4,0,1,1,0,1,1,1,1
0,['Key Corp Bank'],Personal Banker - Montgomery Road Area,https://careers.key.com/en-US/job/personal-banker-montgomery-road-area/J3M6X366QGSVH4YWZ18,2,4,0,1,1,0,1,1,1,1
0,['Key Corp Bank'],Part Time Teller- 20 hours- East 105th Street,https://careers.key.com/en-US/job/part-time-teller-20-hours-east-105th-street/J3Q55260JVVT7BQXHMT,2,4,0,1,1,0,1,1,1,1
0,['Key Corp Bank'],Branch Manager-Littleton,https://careers.key.com/en-US/job/branch-manager-littleton/J3M5QJ6XDPT5QM77BF2,1,4,0,1,1,0,1,1,0,1
0,['Key Corp Bank'],Senior Relationship Manager - Community Development Lending,https://careers.key.com/en-US/job/senior-relationship-manager-community-development-lending/J3M2GT64BFKJN8P1K3M,1,5,1,1,1,0,1,0,1,1
0,['Key Corp Bank'],Senior Relationship Manager - Community Development Lending,https://careers.key.com/en-US/job/senior-relationship-manager-community-development-lending/J3W7KC635BZRR2PCK9V,1,5,1,1,1,0,1,0,1,1
0,['Key Corp Bank'],"Key @ Work Relationship Manager - Buffalo , NY",https://careers.key.com/en-US/job/keywork-relationship-manager-buffalo-ny/J3P2X775MD4NV3G0RF8,1,4,0,1,1,0,1,0,1,1
0,['Key Corp Bank'],Undergraduate Intern-Key Equipment Finance     Originations,https://careers.key.com/en-US/job/undergraduate-intern-key-equipment-finance-%E2%80%93-originations/J3S75L68VB19PR5S8X6,1,3,0,1,0,0,1,0,1,1
0,['Key Corp Bank'],2019 Summer Retail Banking Intern- Cincinnati,https://careers.key.com/en-US/job/2019-summer-retail-banking-intern-cincinnati/J3S6HG5YPDSM8LX2V97,2,4,0,1,1,0,1,1,1,1
0,['Key Corp Bank'],Personal Banker - Grove City Area,https://careers.key.com/en-US/job/personal-banker-grove-city-area/J3T1YB60GWB2PQRYLM9,2,4,0,1,1,0,1,1,1,1
0,['Key Corp Bank'],Personal Banker - Hilliard Area,https://careers.key.com/en-US/job/personal-banker-hilliard-area/J3P4NY72RNP3P0MWXYQ,2,4,0,1,1,0,1,1,1,1
0,['Key Corp Bank'],Lead Teller - Collinwood,https://careers.key.com/en-US/job/lead-teller-collinwood/J3T1T0686CG6YRHD6QN,2,4,0,1,1,0,1,1,1,1
0,['Key Corp Bank'],Lead Teller - Germantown Pike Branch,https://careers.key.com/en-US/job/lead-teller-germantown-pike-branch/J3M3R16MMPJXQ9Z9GQZ,2,4,0,1,1,0,1,1,1,1
0,['Key Corp Bank'],Float Teller ( 40 Hours ) - Friday Harbor,https://careers.key.com/en-US/job/float-teller-40-hours-friday-harbor/J3V4JL6SLYNT75JT3CG,2,4,0,1,1,0,1,1,1,1
0,['Key Corp Bank'],Quantitative Modeling Associate,https://careers.key.com/en-US/job/quantitative-modeling-associate/J3Q3QB5ZR451Q2MF735,1,4,0,1,1,0,1,0,1,1
0,['Key Corp Bank'],Quantitative Modeling Associate,https://careers.key.com/en-US/job/quantitative-modeling-associate/J3S4RZ6ZD82C05W7MSC,1,4,0,1,1,0,1,0,1,1
0,['Key Corp Bank'],"Investment Banking Associate , Healthcare Services , NYC",https://careers.key.com/en-US/job/investment-banking-associate-healthcare-services-nyc/J3R6ZB6W7GWP8NCS2T5,1,4,0,1,1,0,1,0,1,1
0,['Key Corp Bank'],Infrastructure Delivery Operations Manager,https://careers.key.com/en-US/job/infrastructure-delivery-operations-manager/J3W1L15ZVY9FYVC1Q47,1,4,0,1,1,0,1,0,1,1
0,['Key Corp Bank'],Financial Advisor,https://careers.key.com/en-US/job/financial-advisor/J3M4TY77L3BSG8Q51DK,1,4,0,1,1,0,1,0,1,1
0,['Key Corp Bank'],"Client Onboarding Leader , Enterprise Commercial Payments",https://careers.key.com/en-US/job/client-onboarding-leader-enterprise-commercial-payments/J3M1LS5X677HRPR4TWB,1,4,0,1,1,0,1,0,1,1
0,['Key Corp Bank'],Teller - 25 Hours - Canby,https://careers.key.com/en-US/job/teller-25-hours-canby/J3S2TB6PMLZV3KTB28T,2,4,0,1,1,0,1,1,1,1
0,['Key Corp Bank'],Teller - 23 Hours - Tigard,https://careers.key.com/en-US/job/teller-23-hours-tigard/J3W5Q065NSRYVMGGTNT,2,4,0,1,1,0,1,1,1,1
0,['Key Corp Bank'],On Call Teller - Kenai,https://careers.key.com/en-US/job/on-call-teller-kenai/J3R73X6T7MNR2WZ6JLD,2,4,0,1,1,0,1,1,1,1
0,['Key Corp Bank'],Corporate Insurance Intern,https://careers.key.com/en-US/job/corporate-insurance-intern/J3V0S06XD21NYWRV2VX,0,4,0,1,1,0,1,0,0,1
0,['Key Corp Bank'],Part Time Teller ( 20 hours ) - South State Branch,https://careers.key.com/en-US/job/part-time-teller-20-hours-south-state-branch/J3M01Q6TGF2NC5LZM3H,2,4,0,1,1,0,1,1,1,1
0,['Key Corp Bank'],Licensed Relationship Banker - Mansfield Area,https://careers.key.com/en-US/job/licensed-relationship-banker-mansfield-area/J3R7LW6PQ5MYF4TNR1V,1,4,0,1,1,0,1,0,1,1
0,['Key Corp Bank'],Licensed Relationship Banker - East Hartford Silver Ln,https://careers.key.com/en-US/job/licensed-relationship-banker-east-hartford-silver-ln/J3V4CK6RM4W2FY8BN61,1,4,0,1,1,0,1,0,1,1
0,['Key Corp Bank'],"Senior Relationship Manager , Community Development Lending",https://careers.key.com/en-US/job/senior-relationship-manager-community-development-lending/J3V6TV699333YK4GMDJ,1,5,1,1,1,0,1,0,1,1
0,['Key Corp Bank'],"Mortgage Loan Officer - Colville , WA",https://careers.key.com/en-US/job/mortgage-loan-officer-colville-wa/J3T7V069NWCHH9PZ1RV,1,4,0,1,1,0,1,0,1,1
0,['Key Corp Bank'],"Mortgage Loan Officer - Edmonds/Seattle , WA",https://careers.key.com/en-US/job/mortgage-loan-officer-edmonds-seattle-wa/J3V08B6N24DKF31RK75,1,4,0,1,1,0,1,0,1,1
0,['Key Corp Bank'],Lead Specialist ( Service Team ),https://careers.key.com/en-US/job/lead-specialist-service-team/J3Q3TS6KDB3P2VPP7WW,1,4,0,1,1,0,1,0,1,1
0,['Key Corp Bank'],2019 Summer Retail Banking Intern- Dayton,https://careers.key.com/en-US/job/2019-summer-retail-banking-intern-dayton/J3N6W15W6L35F4R9XNR,2,4,0,1,1,0,1,1,1,1
0,['Key Corp Bank'],Part-Time Teller - East Liberty ( 24 hours ),https://careers.key.com/en-US/job/part-time-teller-east-liberty-24-hours/J3V3XC6PBM7J9N996YC,2,4,0,1,1,0,1,1,1,1
0,['Key Corp Bank'],Part-Time Teller ( 24 hours ) - Pittsburgh Street,https://careers.key.com/en-US/job/part-time-teller-24-hours-pittsburgh-street/J3S2KR5WXWM543VY0VB,2,4,0,1,1,0,1,1,1,1
0,['Key Corp Bank'],Personal Banker - Burnett Plaza Branch,https://careers.key.com/en-US/job/personal-banker-burnett-plaza-branch/J3V0VC78D0Q8P79VPX3,2,4,0,1,1,0,1,1,1,1
0,['Key Corp Bank'],Licensed Relationship Manager-Denver,https://careers.key.com/en-US/job/licensed-relationship-manager-denver/J3N5V061KHP194QNPB9,1,4,0,1,1,0,1,0,1,1
0,['Key Corp Bank'],Lead Teller ( 40 hours ) - Port Clinton Branch,https://careers.key.com/en-US/job/lead-teller-40-hours-port-clinton-branch/J3M0LV76RM381R7DR32,2,4,0,1,1,0,1,1,1,1
0,['Key Corp Bank'],Chester 105 PT Teller,https://careers.key.com/en-US/job/chester-105-pt-teller/J3T29Q65C3Q2MSNLMRN,2,4,0,1,1,0,1,1,1,1
0,['Key Corp Bank'],Branch Manager - Amelia Branch,https://careers.key.com/en-US/job/branch-manager-amelia-branch/J3V1M66BX2L8ZMRMRX7,1,4,0,1,1,0,1,1,0,1
0,['Key Corp Bank'],Part-Time Teller - East Liberty ( 24 hours ),https://careers.key.com/en-US/job/part-time-teller-east-liberty-24-hours/J3M2905WVS994863JL0,2,4,0,1,1,0,1,1,1,1
0,['Key Corp Bank'],Part-Time Teller ( 24 hours ) - Pittsburgh Street,https://careers.key.com/en-US/job/part-time-teller-24-hours-pittsburgh-street/J3N2Q275RL7QQ1XXQ0P,2,4,0,1,1,0,1,1,1,1
0,['Key Corp Bank'],Financial Advisor,https://careers.key.com/en-US/job/financial-advisor/J3R2C56GL20L785KJZR,1,4,0,1,1,0,1,0,1,1
0,['Key Corp Bank'],Chester 105 PT Teller,https://careers.key.com/en-US/job/chester-105-pt-teller/J3W6RR74V6WX0W95Q8V,2,4,0,1,1,0,1,1,1,1
0,['Key Corp Bank'],Part-Time Teller ( 24 hours ) - Pittsburgh Street,https://careers.key.com/en-US/job/part-time-teller-24-hours-pittsburgh-street/J3P6NQ67KPPM75M8PWY,2,4,0,1,1,0,1,1,1,1
0,['Key Corp Bank'],Specialist ( Deposit Fulfillment Area ),https://careers.key.com/en-US/job/specialist-deposit-fulfillment-area/J3V3F66X0LWTCHYMXN2,1,4,0,1,1,0,1,0,1,1
0,['Key Corp Bank'],"Mortgage Loan Officer - Boulder , CO",https://careers.key.com/en-US/job/mortgage-loan-officer-boulder-co/J3T4C86X1F8CQNKG3FJ,1,4,0,1,1,0,1,0,1,1
0,['Key Corp Bank'],Commercial Relationship Officer,https://careers.key.com/en-US/job/commercial-relationship-officer/J3P1T46F2SY7CG5TJFH,1,4,0,1,1,0,1,0,1,1
0,['Key Corp Bank'],Teller-Colorado Area,https://careers.key.com/en-US/job/teller-colorado-area/J3W39R65CMFMDVDBVN2,2,4,0,1,1,0,1,1,1,1
0,['Key Corp Bank'],Teller - 20 Hours - Mendenhall,https://careers.key.com/en-US/job/teller-20-hours-mendenhall/J3V6WL6S4RBPDN95QJD,2,4,0,1,1,0,1,1,1,1
0,['Key Corp Bank'],Personal Banker-Colorado,https://careers.key.com/en-US/job/personal-banker-colorado/J3M5Z36L32YV50CGQ5C,2,4,0,1,1,0,1,1,1,1
0,['Key Corp Bank'],Personal Banker - Pottstown,https://careers.key.com/en-US/job/personal-banker-pottstown/J3S2SJ64S48CYLSK7WJ,2,4,0,1,1,0,1,1,1,1
0,['Key Corp Bank'],Part-Time Teller - Oliver Avenue .,https://careers.key.com/en-US/job/part-time-teller-oliver-avenue/J3M0NP73ZP7CMCB57T4,2,4,0,1,1,0,1,1,1,1
0,['Key Corp Bank'],Licensed Relationship Manager - Multibranch-Bay Village,https://careers.key.com/en-US/job/licensed-relationship-manager-multibranch-bay-village/J3R87W605WP5KGSXFZQ,1,4,0,1,1,0,1,0,1,1
0,['Key Corp Bank'],"Mortgage Loan Officer - Wenatchee/Quincy , WA",https://careers.key.com/en-US/job/mortgage-loan-officer-wenatchee-quincy-wa/J3M6DZ61M1LFRCFSNT8,1,4,0,1,1,0,1,0,1,1
0,['Key Corp Bank'],"Mortgage Market Manager - Pepper Pike , OH",https://careers.key.com/en-US/job/mortgage-market-manager-pepper-pike-oh/J3V0K26M76XY39LLQ26,1,4,0,1,1,0,1,0,1,1
0,['Key Corp Bank'],"Mortgage Loan Officer - Greenwood , IN",https://careers.key.com/en-US/job/mortgage-loan-officer-greenwood-in/J3V4PR6D06BX4J7FS13,1,4,0,1,1,0,1,0,1,1
0,['Key Corp Bank'],"Mortgage Loan Officer - Indianapolis , IN",https://careers.key.com/en-US/job/mortgage-loan-officer-indianapolis-in/J3V3Y969Y6G14GTVG85,1,4,0,1,1,0,1,0,1,1
0,['Key Corp Bank'],"Mortgage Loan Officer - Federal Way/Fife , WA",https://careers.key.com/en-US/job/mortgage-loan-officer-federal-way-fife-wa/J3N1F36JXB105DFQNCV,1,4,0,1,1,0,1,0,1,1
0,['Key Corp Bank'],Business Banking Relationship Manager,https://careers.key.com/en-US/job/business-banking-relationship-manager/J3R1Q06D8LDZ06331Q0,1,5,1,1,1,0,1,0,1,1
0,['Key Corp Bank'],Associate Financial Advisor,https://careers.key.com/en-US/job/associate-financial-advisor/J3R19Y669BFCVK3J161,1,4,0,1,1,0,1,0,1,1
0,['Key Corp Bank'],Personal Banker-Littleton Area,https://careers.key.com/en-US/job/personal-banker-littleton-area/J3N5P05ZLYR0VWHMNDM,2,4,0,1,1,0,1,1,1,1
0,['Key Corp Bank'],Personal Banker - Newberg,https://careers.key.com/en-US/job/personal-banker-newberg/J3S2MC61MC2Q93JWYWD,2,4,0,1,1,0,1,1,1,1
0,['Key Corp Bank'],Public Entities Analyst,https://careers.key.com/en-US/job/public-entities-analyst/J3Q4KR62VD8B4SQ2HF6,1,4,0,1,1,0,1,0,1,1
0,['Key Corp Bank'],"Equity Research Associate , Cleveland",https://careers.key.com/en-US/job/equity-research-associate-cleveland/J3S4PQ6B972MBYR41PT,1,3,0,0,1,0,1,0,1,1
0,['Key Corp Bank'],"Mortgage Loan Officer - Coraopolis , PA",https://careers.key.com/en-US/job/mortgage-loan-officer-coraopolis-pa/J3R6M96YQ629B8F20FB,1,4,0,1,1,0,1,0,1,1
0,['Key Corp Bank'],Lead Specialist,https://careers.key.com/en-US/job/lead-specialist/J3Q6MD6XHC57NTGMQR9,1,4,0,1,1,0,1,0,1,1
0,['Key Corp Bank'],Enterprise Competency Library Consultant,https://careers.key.com/en-US/job/enterprise-competency-library-consultant/J3Q1C571X80SNX7NJLP,1,4,0,1,1,0,1,0,1,1
0,['Key Corp Bank'],Branch Manager- East 22nd Street- Manhattan,https://careers.key.com/en-US/job/branch-manager-east-22nd-street-manhattan/J3S1265XRVS2D45815J,1,4,0,1,1,0,1,1,0,1
0,['Key Corp Bank'],Applications Sys Consultant,https://careers.key.com/en-US/job/applications-sys-consultant/J3N169609LTD5CT5M7F,1,4,0,1,1,0,1,0,1,1
0,['Key Corp Bank'],Applications Sys Consultant,https://careers.key.com/en-US/job/applications-sys-consultant/J3W8BF5WXBFS1S0SM88,1,4,0,1,1,0,1,0,1,1
0,['Key Corp Bank'],Teller ( 20 hours ) - Greenport,https://careers.key.com/en-US/job/teller-20-hours-greenport/J3V55J6GGCQLLS8HCWR,2,4,0,1,1,0,1,1,1,1
0,['Key Corp Bank'],Personal Banker- Wilton,https://careers.key.com/en-US/job/personal-banker-wilton/J3M6WK65SBTJHWVGJCD,2,4,0,1,1,0,1,1,1,1
0,['Key Corp Bank'],Licensed Relationship Banker- Guilderland,https://careers.key.com/en-US/job/licensed-relationship-banker-guilderland/J3N7RS687LR11LKKY92,1,4,0,1,1,0,1,0,1,1
0,['Key Corp Bank'],Float Teller ( 40 hours ) - Cincinnati Area,https://careers.key.com/en-US/job/float-teller-40-hours-cincinnati-area/J3V6NX6YMGBKFNBGVN3,2,4,0,1,1,0,1,1,1,1
0,['Key Corp Bank'],Branch Manager- Schodack,https://careers.key.com/en-US/job/branch-manager-schodack/J3N1685XRBRM758Y9QJ,1,4,0,1,1,0,1,1,0,1
0,['Key Corp Bank'],Branch Manager- East 22nd Street- Manhattan,https://careers.key.com/en-US/job/branch-manager-east-22nd-street-manhattan/J3M55X69NVBFTLLL4G9,1,4,0,1,1,0,1,1,0,1
0,['Key Corp Bank'],"Senior Relationship Manager , Community Development Lending",https://careers.key.com/en-US/job/senior-relationship-manager-community-development-lending/J3W83L6QQLH996RHV5C,1,5,1,1,1,0,1,0,1,1
0,['Key Corp Bank'],"Senior Relationship Manager , Community Development Lending",https://careers.key.com/en-US/job/senior-relationship-manager-community-development-lending/J3Q8275Z4M4B77LMWYM,1,5,1,1,1,0,1,0,1,1
0,['Key Corp Bank'],"Senior Relationship Manager , Community Development Lending",https://careers.key.com/en-US/job/senior-relationship-manager-community-development-lending/J3S45H70CW0Q7QCYW4Q,1,5,1,1,1,0,1,0,1,1
0,['Key Corp Bank'],Financial Advisor,https://careers.key.com/en-US/job/financial-advisor/J3N3F75X9ZC7RC6MJS4,1,4,0,1,1,0,1,0,1,1
0,['Key Corp Bank'],Financial Advisor,https://careers.key.com/en-US/job/financial-advisor/J3L45S66MFTPF857R9P,1,4,0,1,1,0,1,0,1,1
0,['Key Corp Bank'],Licensed Relationship Manager-West Yakima,https://careers.key.com/en-US/job/licensed-relationship-manager-west-yakima/J3P5ZV5ZV1HK0KDKCNL,1,4,0,1,1,0,1,0,1,1
0,['Key Corp Bank'],Specialist ( lockbox department ),https://careers.key.com/en-US/job/specialist-lockbox-department/J3P6366JYD4NPB251W2,1,4,0,1,1,0,1,0,1,1
0,['Key Corp Bank'],"Equity Research Associate , NYC",https://careers.key.com/en-US/job/equity-research-associate-nyc/J3T1986PQTCF6K4JXC5,1,3,0,0,1,0,1,0,1,1
0,['Key Corp Bank'],Infrastructure Delivery Operations Manager,https://careers.key.com/en-US/job/infrastructure-delivery-operations-manager/J3P8H46RB1929LR3JF9,1,4,0,1,1,0,1,0,1,1
0,['Key Corp Bank'],Teller ( 20 hours ) - Westfield,https://careers.key.com/en-US/job/teller-20-hours-westfield/J3T4YZ5ZD89DK3WKD1Y,2,4,0,1,1,0,1,1,1,1
0,['Key Corp Bank'],Teller ( 20 hours ) - Town of Lockport,https://careers.key.com/en-US/job/teller-20-hours-town-of-lockport/J3Q4TV78BMMBPY6QR3L,2,4,0,1,1,0,1,1,1,1
0,['Key Corp Bank'],Personal Banker - Holyoke,https://careers.key.com/en-US/job/personal-banker-holyoke/J3T15H6ZP4CWC2GHPBF,2,4,0,1,1,0,1,1,1,1
0,['Key Corp Bank'],Teller ( 20 hours ) - Ithaca,https://careers.key.com/en-US/job/teller-20-hours-ithaca/J3N0TW631X4CWM2DM60,2,4,0,1,1,0,1,1,1,1
0,['Key Corp Bank'],Lead Teller-Littleton-Belleview West @ Santa Fe Branch,https://careers.key.com/en-US/job/lead-teller-littleton-belleview-west-santa-fe-branch/J3S5W56H0677G0ND0MY,2,4,0,1,1,0,1,1,1,1
0,['Key Corp Bank'],Financial Wellness Banker-Boulder Branch,https://careers.key.com/en-US/job/financial-wellness-banker-boulder-branch/J3T78Y75F77GKQ7HBRH,2,4,0,1,1,0,1,1,1,1
0,['Key Corp Bank'],Financial Wellness Banker-Fort Collins -Oak Branch,https://careers.key.com/en-US/job/financial-wellness-banker-fort-collins-oak-branch/J3W49P6YCX1QBHLDHXT,2,4,0,1,1,0,1,1,1,1
0,['Key Corp Bank'],"Senior Banker , Income Property Group",https://careers.key.com/en-US/job/senior-banker-income-property-group/J3W1WP74ZRXXXLCXK36,1,4,0,1,1,0,1,0,1,1
0,['Key Corp Bank'],Financial Advisor,https://careers.key.com/en-US/job/financial-advisor/J3R38S71WM3BR8FRH0B,1,4,0,1,1,0,1,0,1,1
0,['Key Corp Bank'],Lead Teller - Behrends,https://careers.key.com/en-US/job/lead-teller-behrends/J3V1V56JZ26TKCZVDR8,2,4,0,1,1,0,1,1,1,1
0,['Key Corp Bank'],Float Teller ( 30 hours ) - Fremont/Port Clinton/Sandusky Branches,https://careers.key.com/en-US/job/float-teller-30-hours-fremont-port-clinton-sandusky-branches/J3Q5JF6BZHRVK81VM84,2,4,0,1,1,0,1,1,1,1
0,['Key Corp Bank'],Branch Manager-Littleton Area,https://careers.key.com/en-US/job/branch-manager-littleton-area/J3W0MD64QQFZYHN1VWP,1,4,0,1,1,0,1,1,0,1
0,['Key Corp Bank'],"Sr. Payments Advisor , Institutional Real Estate",https://careers.key.com/en-US/job/sr-payments-advisor-institutional-real-estate/J3S8745VKFZ3LNK14QY,1,4,1,1,0,0,1,0,1,1
0,['Key Corp Bank'],"Sr. Payments Advisor , Institutional Real Estate",https://careers.key.com/en-US/job/sr-payments-advisor-institutional-real-estate/J3Q5YJ6QD7WHMXQJJ0W,1,4,1,1,0,0,1,0,1,1
0,['Key Corp Bank'],Customer Service Specialist I,https://careers.key.com/en-US/job/customer-service-specialist-i/J3N2HL6Q9Z99RTLGV3T,1,2,0,0,0,0,1,0,1,1
0,['Key Corp Bank'],Teller ( 20 hours ) - Millcreek,https://careers.key.com/en-US/job/teller-20-hours-millcreek/J3P0RX6PS53FG43PXPH,2,4,0,1,1,0,1,1,1,1
0,['Key Corp Bank'],Personal Banker- Schenectady Area,https://careers.key.com/en-US/job/personal-banker-schenectady-area/J3N2RJ6ZB180B0K0BGZ,2,4,0,1,1,0,1,1,1,1
0,['Key Corp Bank'],Personal Banker- Rensselaer County Plaza,https://careers.key.com/en-US/job/personal-banker-rensselaer-county-plaza/J3M7G568N01JMLW0VP1,2,4,0,1,1,0,1,1,1,1
0,['Key Corp Bank'],Personal Banker- Clifton Park Area,https://careers.key.com/en-US/job/personal-banker-clifton-park-area/J3P3675WG6QRMN32MNW,2,4,0,1,1,0,1,1,1,1
0,['Key Corp Bank'],Part Time Teller ( 20 hours ) - Augusta Branch,https://careers.key.com/en-US/job/part-time-teller-20-hours-augusta-branch/J3M2LR74G76P3SM54BV,2,4,0,1,1,0,1,1,1,1
0,['Key Corp Bank'],Licensed Relationship Banker- Cortland Area,https://careers.key.com/en-US/job/licensed-relationship-banker-cortland-area/J3V3MD6D8LG2MTHSJF8,1,4,0,1,1,0,1,0,1,1
0,['Key Corp Bank'],Lead Teller- Ithaca,https://careers.key.com/en-US/job/lead-teller-ithaca/J3S3DV660FD6QHQSDKN,2,4,0,1,1,0,1,1,1,1
0,['Key Corp Bank'],Float Teller ( 40 hours ) - Cortland Area,https://careers.key.com/en-US/job/float-teller-40-hours-cortland-area/J3V70F74NKCWX8XT3DQ,2,4,0,1,1,0,1,1,1,1
0,['Key Corp Bank'],Financial Advisor,https://careers.key.com/en-US/job/financial-advisor/J3W86X6Y3DSHW17CWB4,1,4,0,1,1,0,1,0,1,1
0,['Key Corp Bank'],Engineer V,https://careers.key.com/en-US/job/engineer-v/J3R7286V1TH4G2JLGZT,1,4,0,1,1,0,1,0,1,1
0,['Key Corp Bank'],Personal Banker - Fremont Area,https://careers.key.com/en-US/job/personal-banker-fremont-area/J3N5C071HV515837H7Q,2,4,0,1,1,0,1,1,1,1
0,['Key Corp Bank'],On Call Teller- Brattleboro,https://careers.key.com/en-US/job/on-call-teller-brattleboro/J3R7VJ6QVNPKKRX0H0S,2,4,0,1,1,0,1,1,1,1
0,['Key Corp Bank'],Licensed Banker - Anderson Branch,https://careers.key.com/en-US/job/licensed-banker-anderson-branch/J3N5LX5YVNKR1M38B55,1,4,0,1,1,0,1,0,1,1
0,['Key Corp Bank'],"Senior Relationship Manager , Community Development Lending",https://careers.key.com/en-US/job/senior-relationship-manager-community-development-lending/J3Q41S5W3D4XMJY7TXZ,1,5,1,1,1,0,1,0,1,1
0,['Key Corp Bank'],Regional Planning Strategist,https://careers.key.com/en-US/job/regional-planning-strategist/J3R24L6JPNFX4QML0F7,1,4,0,1,1,0,1,0,1,1
0,['Key Corp Bank'],"Mortgage Loan Officer - Rochester , NY",https://careers.key.com/en-US/job/mortgage-loan-officer-rochester-ny/J3V8H95XGHH5G66HJXY,1,4,0,1,1,0,1,0,1,1
0,['Key Corp Bank'],"Healthcare Mortgage Lending Officer ( Physician , Dentist , Veterinarian )",https://careers.key.com/en-US/job/healthcare-mortgage-lending-officer-physician-dentist-veterinarian/J3P0NZ6JB0KZ8YKZ5PM,1,3,0,0,1,0,1,0,1,1
0,['Key Corp Bank'],Business Banking Relationship Manager,https://careers.key.com/en-US/job/business-banking-relationship-manager/J3R4LC6TSJ1QPYPS7QX,1,5,1,1,1,0,1,0,1,1
0,['Key Corp Bank'],Personal Banker-Thornton,https://careers.key.com/en-US/job/personal-banker-thornton/J3N2T36QC7XDJBF2YF5,2,4,0,1,1,0,1,1,1,1
0,['Key Corp Bank'],Personal Banker - Mayfield Heights,https://careers.key.com/en-US/job/personal-banker-mayfield-heights/J3S55M6MCQ8Z39XXV84,2,4,0,1,1,0,1,1,1,1
0,['Key Corp Bank'],Personal Banker - Cincinnati Area,https://careers.key.com/en-US/job/personal-banker-cincinnati-area/J3S60L62882GVBM965S,2,4,0,1,1,0,1,1,1,1
0,['Key Corp Bank'],Part Time Teller 20 Hours - Martine Ave .,https://careers.key.com/en-US/job/part-time-teller-20-hours-martine-ave/J3P65L5WHKKFVLYK71R,2,4,0,1,1,0,1,1,1,1
0,['Key Corp Bank'],Part Time Teller - Westport 20 Hours,https://careers.key.com/en-US/job/part-time-teller-westport-20-hours/J3P4DS6F2L3ZM6YZ79S,2,4,0,1,1,0,1,1,1,1
0,['Key Corp Bank'],Part-Time Teller - Middleburg Heights,https://careers.key.com/en-US/job/part-time-teller-middleburg-heights/J3W3966YQV5DXN82HX1,2,4,0,1,1,0,1,1,1,1
0,['Key Corp Bank'],Lead Teller - Pound Ridge,https://careers.key.com/en-US/job/lead-teller-pound-ridge/J3Q3FC6NB24TX437V44,2,4,0,1,1,0,1,1,1,1
0,['Key Corp Bank'],Full-Time Mobile Teller - Fairfield Center,https://careers.key.com/en-US/job/full-time-mobile-teller-fairfield-center/J3N7M57527T2FHYSTVH,2,4,0,1,1,0,1,1,1,1
0,['Key Corp Bank'],Full-Time Mobile Teller - Cavalry,https://careers.key.com/en-US/job/full-time-mobile-teller-cavalry/J3Q5QS6RDK9NNSF9Z3T,2,4,0,1,1,0,1,1,1,1
0,['Key Corp Bank'],Full-Time Mobile Teller - North White Plains,https://careers.key.com/en-US/job/full-time-mobile-teller-north-white-plains/J3P4TC6WW6756NVFNP4,2,4,0,1,1,0,1,1,1,1
0,['Key Corp Bank'],"Mortgage Loan Officer - Rochester , NY",https://careers.key.com/en-US/job/mortgage-loan-officer-rochester-ny/J3Q3445YXR27VBY3BTK,1,4,0,1,1,0,1,0,1,1
0,['Key Corp Bank'],"Mortgage Loan Officer - Olympia , WA",https://careers.key.com/en-US/job/mortgage-loan-officer-olympia-wa/J3S5ZJ6TVX06JHLKWRT,1,4,0,1,1,0,1,0,1,1
0,['Key Corp Bank'],"Mortgage Loan Officer - Cincinnati , OH",https://careers.key.com/en-US/job/mortgage-loan-officer-cincinnati-oh/J3V5996J5JPG0TW54HM,1,4,0,1,1,0,1,0,1,1
0,['Key Corp Bank'],Financial Advisor,https://careers.key.com/en-US/job/financial-advisor/J3L1FD64KY5HWS4V8B4,1,4,0,1,1,0,1,0,1,1
0,['Key Corp Bank'],Part Time Teller - Cleveland Clinic,https://careers.key.com/en-US/job/part-time-teller-cleveland-clinic/J3T62Q616C436DXWFMG,2,4,0,1,1,0,1,1,1,1
0,['Key Corp Bank'],Licensed Banker - Mason Branch,https://careers.key.com/en-US/job/licensed-banker-mason-branch/J3W3QZ6K39BZCR842BP,1,4,0,1,1,0,1,0,1,1
0,['Key Corp Bank'],"Investment Banking Associate , Technology , San Francisco",https://careers.key.com/en-US/job/investment-banking-associate-technology-san-francisco/J3V07H6T9VXZ60PRVFD,1,4,1,0,1,0,1,0,1,1
0,['Key Corp Bank'],Teller ( 20 hours ) - Manchester Middle Tpke,https://careers.key.com/en-US/job/teller-20-hours-manchester-middle-tpke/J3M57S638M0P4RXWPNW,2,4,0,1,1,0,1,1,1,1
0,['Key Corp Bank'],Part Time Teller ( 20 hours ) - Worthington Branch,https://careers.key.com/en-US/job/part-time-teller-20-hours-worthington-branch/J3S0N76DFX863KH577V,2,4,0,1,1,0,1,1,1,1
0,['Key Corp Bank'],Teller ( 24 hours ) - Manchester Middle Tpke,https://careers.key.com/en-US/job/teller-24-hours-manchester-middle-tpke/J3N4LP79T95J2J3RK6P,2,4,0,1,1,0,1,1,1,1
0,['Key Corp Bank'],Part Time Teller ( 20 hours ) - Hamilton Meadows Branch,https://careers.key.com/en-US/job/part-time-teller-20-hours-hamilton-meadows-branch/J3Q8HP627VSQQ9NX4RY,2,4,0,1,1,0,1,1,1,1
0,['Key Corp Bank'],Licensed Relationship Manager - Willow Grove,https://careers.key.com/en-US/job/licensed-relationship-manager-willow-grove/J3Q4H661ZSQ2S783YSP,1,4,0,1,1,0,1,0,1,1
0,['Key Corp Bank'],Branch Manager- Downtown Cincinnati,https://careers.key.com/en-US/job/branch-manager-downtown-cincinnati/J3W5BV6H9BV762WP64T,1,4,0,1,1,0,1,1,0,1
0,['Key Corp Bank'],Trust Associate III,https://careers.key.com/en-US/job/trust-associate-iii/J3Q31J6D6DZTR19YG1C,1,4,0,1,1,0,1,0,1,1
0,['Key Corp Bank'],KIS Investment Center Associate,https://careers.key.com/en-US/job/kis-investment-center-associate/J3N7SC6Y9DFP5YLGJ9V,0,4,0,1,1,0,1,0,0,1
0,['Key Corp Bank'],"Investment Banking Analyst , Healthcare , San Francisco",https://careers.key.com/en-US/job/investment-banking-analyst-healthcare-san-francisco/J3W7TN6800RVZC37M4Y,1,4,0,1,1,0,1,0,1,1
0,['Key Corp Bank'],Commerical Analyst,https://careers.key.com/en-US/job/commerical-analyst/J3P2FX5VYL70ZR3H8HC,1,4,0,1,1,0,1,0,1,1
0,['Key Corp Bank'],Operation Leaders- Central Area,https://careers.key.com/en-US/job/operation-leaders-central-area/J3N13H6HLBHJW8J7WWX,1,4,0,1,1,0,1,1,0,1
0,['Key Corp Bank'],KPB Senior Research Analyst,https://careers.key.com/en-US/job/kpb-senior-research-analyst/J3P7XP5YMT69D4B0JYZ,1,4,0,1,1,0,1,0,1,1
0,['Key Corp Bank'],Financial Advisor,https://careers.key.com/en-US/job/financial-advisor/J3Q53B6JXQ7WH05G05R,1,4,0,1,1,0,1,0,1,1
0,['Key Corp Bank'],Financial Advisor,https://careers.key.com/en-US/job/financial-advisor/J3W7TH69Z351RDB9TQN,1,4,0,1,1,0,1,0,1,1
0,['Key Corp Bank'],"Equity Research Associate , Semiconductors , Portland",https://careers.key.com/en-US/job/equity-research-associate-semiconductors-portland/J3W4YF76DHN2Z8M6C2Q,1,3,0,1,0,0,1,0,1,1
0,['Key Corp Bank'],Personal Banker-Warren,https://careers.key.com/en-US/job/personal-banker-warren/J3Q09R640MZYVZ5T9LW,2,4,0,1,1,0,1,1,1,1
0,['Key Corp Bank'],Personal Banker - Snyder,https://careers.key.com/en-US/job/personal-banker-snyder/J3R6V56XC7BVN4JBN87,2,4,0,1,1,0,1,1,1,1
0,['Key Corp Bank'],Lead Teller- Freeport,https://careers.key.com/en-US/job/lead-teller-freeport/J3V5QF68QJ4VNR6FM20,2,4,0,1,1,0,1,1,1,1
0,['Key Corp Bank'],Financial Wellness Banker-Harmony,https://careers.key.com/en-US/job/financial-wellness-banker-harmony/J3W58X5ZG64M34C10GG,2,4,0,1,1,0,1,1,1,1
0,['Key Corp Bank'],Financial Wellness Banker-Castle Rock,https://careers.key.com/en-US/job/financial-wellness-banker-castle-rock/J3M2CX6ZJ4HT576HMMF,2,4,0,1,1,0,1,1,1,1
0,['Key Corp Bank'],Tax Analyst - Estate Tax,https://careers.key.com/en-US/job/tax-analyst-estate-tax/J3Q5LW6NW5L5WC8ZRJB,0,3,0,1,0,0,1,0,0,1
0,['Key Corp Bank'],UX Lead,https://careers.key.com/en-US/job/ux-lead/J3N6405X9RX6ZX2420C,1,4,0,1,1,0,1,0,1,1
0,['Key Corp Bank'],"Senior Relationship Manager , Income Property Group",https://careers.key.com/en-US/job/senior-relationship-manager-income-property-group/J3M60P6R7PMJQM26G3Q,1,4,0,1,1,0,1,0,1,1
0,['Key Corp Bank'],"Mortgage Loan Officer - Salt Lake City , UT",https://careers.key.com/en-US/job/mortgage-loan-officer-salt-lake-city-ut/J3R67S6DJBCV73M93RZ,1,4,0,1,1,0,1,0,1,1
0,['Key Corp Bank'],"Mortgage Loan Officer - Graham/Bonney Lake , WA",https://careers.key.com/en-US/job/mortgage-loan-officer-graham-bonney-lake-wa/J3V5VG6GMNTTHDRXJ31,1,4,0,1,1,0,1,0,1,1
0,['Key Corp Bank'],"Mortgage Loan Officer - Fairport , NY",https://careers.key.com/en-US/job/mortgage-loan-officer-fairport-ny/J3P4LX5YCDPZZZRRXQG,1,4,0,1,1,0,1,0,1,1
0,['Key Corp Bank'],Financial Advisor,https://careers.key.com/en-US/job/financial-advisor/J3W2PP6K09KFLR7S1X9,1,4,0,1,1,0,1,0,1,1
0,['Key Corp Bank'],Business Banking Relationship Manager,https://careers.key.com/en-US/job/business-banking-relationship-manager/J3N3QL6WMJ62DW3ZFV6,1,5,1,1,1,0,1,0,1,1
0,['Key Corp Bank'],Business Banking Relationship Manager,https://careers.key.com/en-US/job/business-banking-relationship-manager/J3N70V6NH8DX8R2W3TS,1,5,1,1,1,0,1,0,1,1
0,['Key Corp Bank'],Business Banking Relationship Manager,https://careers.key.com/en-US/job/business-banking-relationship-manager/J3N4GR6SMR1F94HNTTQ,1,5,1,1,1,0,1,0,1,1
0,['Key Corp Bank'],Business Banking Relationship Manager,https://careers.key.com/en-US/job/business-banking-relationship-manager/J3W4ZT71HF04LHZWGRC,1,5,1,1,1,0,1,0,1,1
0,['Key Corp Bank'],Business Banking Relationship Manager,https://careers.key.com/en-US/job/business-banking-relationship-manager/J3N2SM64NJQK61SS767,1,5,1,1,1,0,1,0,1,1
0,['Key Corp Bank'],Personal Banker-Yellowstone Area,https://careers.key.com/en-US/job/personal-banker-yellowstone-area/J3P0ZH5Z31BT5Z8CC4V,2,4,0,1,1,0,1,1,1,1
0,['Key Corp Bank'],Teller ( 36 hours ) - Barre,https://careers.key.com/en-US/job/teller-36-hours-barre/J3N0VL5Y3FY1SG3YKYC,2,4,0,1,1,0,1,1,1,1
0,['Key Corp Bank'],Lead Specialist,https://careers.key.com/en-US/job/lead-specialist/J3R1KC6VRWW2C21DRS8,1,4,0,1,1,0,1,0,1,1
0,['Key Corp Bank'],Lead Specialist ( indirect lending ),https://careers.key.com/en-US/job/lead-specialist-indirect-lending/J3V0FZ617NP69RZV0HB,1,4,0,1,1,0,1,0,1,1
0,['Key Corp Bank'],KMS Regional Sales Executive - Hudson Valley,https://careers.key.com/en-US/job/kms-regional-sales-executive-hudson-valley/J3M8C6786C5PH93VYJG,1,5,1,1,1,0,1,0,1,1
0,['Key Corp Bank'],Lead Teller Lansford PA,https://careers.key.com/en-US/job/lead-teller-lansford-pa/J3T6PZ6CWY9GRYSFXD0,2,4,0,1,1,0,1,1,1,1
0,['Key Corp Bank'],Lead Specialist ( Commercial Collections Department ),https://careers.key.com/en-US/job/lead-specialist-commercial-collections-department/J3Q8H974XSCYVLD22T5,1,4,0,1,1,0,1,0,1,1
0,['Key Corp Bank'],Investment Associate,https://careers.key.com/en-US/job/investment-associate/J3W7GW67YFL1VLLHXX5,0,4,0,1,1,0,1,0,0,1
0,['Key Corp Bank'],Financial Advisor,https://careers.key.com/en-US/job/financial-advisor/J3N42M6YSWJ7VJN4337,1,4,0,1,1,0,1,0,1,1
0,['Key Corp Bank'],Compliance Director - Privacy,https://careers.key.com/en-US/job/compliance-director-privacy/J3P8D167QJ7MY01PRKL,0,4,0,1,1,0,1,0,0,1
0,['Key Corp Bank'],Business Banking Relationship Manager or Sr . Relationship Manager,https://careers.key.com/en-US/job/business-banking-relationship-manager-or-sr-relationship-manager/J3N7Z174CRJVPGT7SDG,1,5,1,1,1,0,1,0,1,1
0,['Key Corp Bank'],Associate Financial Advisor,https://careers.key.com/en-US/job/associate-financial-advisor/J3V4X85ZG6HWRKRWF45,1,4,0,1,1,0,1,0,1,1
0,['Key Corp Bank'],Lead Teller Lansford PA,https://careers.key.com/en-US/job/lead-teller-lansford-pa/J3W01974RX77Y1P9C02,2,4,0,1,1,0,1,1,1,1
0,['Key Corp Bank'],Personal Banker - Smokey Point,https://careers.key.com/en-US/job/personal-banker-smokey-point/J3P75G6FK6381TQNCPD,2,4,0,1,1,0,1,1,1,1
0,['Key Corp Bank'],Personal Banker - Chelsea Branch,https://careers.key.com/en-US/job/personal-banker-chelsea-branch/J3Q2HN5X8G08QN2SVDH,2,4,0,1,1,0,1,1,1,1
0,['Key Corp Bank'],Part Time Teller ( 20 hours ) - Knox Branch,https://careers.key.com/en-US/job/part-time-teller-20-hours-knox-branch/J3P5RB6PG48DB9XC35R,2,4,0,1,1,0,1,1,1,1
0,['Key Corp Bank'],Wealth Management Administrative Assistant,https://careers.key.com/en-US/job/wealth-management-administrative-assistant/J3V3F06GSRLW1SRPYCW,0,5,1,1,1,0,1,0,0,1
0,['Key Corp Bank'],Senior Business Banking Relationship Manager,https://careers.key.com/en-US/job/senior-business-banking-relationship-manager/J3M35Q78RLLHGSV0JVG,1,5,1,1,1,0,1,0,1,1
0,['Key Corp Bank'],Senior Private Bank Relationship Manager,https://careers.key.com/en-US/job/senior-private-bank-relationship-manager/J3M6FP689V62QCTLGHY,1,5,1,1,1,0,1,0,1,1
0,['Key Corp Bank'],"Private Bank Lending Officer - Plymouth Meeting , PA",https://careers.key.com/en-US/job/private-bank-lending-officer-plymouth-meeting-pa/J3S6637471SQWZN7V59,1,4,0,1,1,0,1,0,1,1
0,['Key Corp Bank'],Private Bank Portfolio Management Associate III,https://careers.key.com/en-US/job/private-bank-portfolio-management-associate-iii/J3M74R74TJ1HL1MWGCD,1,4,0,1,1,0,1,1,0,1
0,['Key Corp Bank'],Mortgage Loan Officer,https://careers.key.com/en-US/job/mortgage-loan-officer/J3T6MT665G5Y892XQVL,1,4,0,1,1,0,1,0,1,1
0,['Key Corp Bank'],"Mortgage Loan Officer - Liverpool , NY",https://careers.key.com/en-US/job/mortgage-loan-officer-liverpool-ny/J3S6236XCLDWF9FHCDR,1,4,0,1,1,0,1,0,1,1
0,['Key Corp Bank'],"Mortgage Loan Officer - Trexlertown , PA",https://careers.key.com/en-US/job/mortgage-loan-officer-trexlertown-pa/J3Q6LN6CY6N9150YWDB,1,4,0,1,1,0,1,0,1,1
0,['Key Corp Bank'],"Mortgage Loan Officer - Syracuse , NY",https://careers.key.com/en-US/job/mortgage-loan-officer-syracuse-ny/J3T6VN64B3N4XCKRXWZ,1,4,0,1,1,0,1,0,1,1
0,['Key Corp Bank'],"Mortgage Loan Officer - Fogelsville , PA",https://careers.key.com/en-US/job/mortgage-loan-officer-fogelsville-pa/J3S74Q6JQG3P1RKJN1L,1,4,0,1,1,0,1,0,1,1
0,['Key Corp Bank'],"Mortgage Loan Officer - Binghamton , NY",https://careers.key.com/en-US/job/mortgage-loan-officer-binghamton-ny/J3P47B6L2MWBTPXF53B,1,4,0,1,1,0,1,0,1,1
0,['Key Corp Bank'],Mortgage Loan Officer,https://careers.key.com/en-US/job/mortgage-loan-officer/J3N0HX5XK0VLL44V0HL,0,3,0,0,1,0,1,0,0,1
0,['Key Corp Bank'],"Mortgage Loan Officer - Fayetteville , NY",https://careers.key.com/en-US/job/mortgage-loan-officer-fayetteville-ny/J3V46X6ZZ00QSNSJFQ1,1,4,0,1,1,0,1,0,1,1
0,['Key Corp Bank'],Mortgage Loan Officer,https://careers.key.com/en-US/job/mortgage-loan-officer/J3R6FS651Z47W4HH872,0,3,0,0,1,0,1,0,0,1
0,['Key Corp Bank'],Mortgage Loan Officer,https://careers.key.com/en-US/job/mortgage-loan-officer/J3Q57N613S91TR3GPN6,0,3,0,0,1,0,1,0,0,1
0,['Key Corp Bank'],Mortgage Loan Officer,https://careers.key.com/en-US/job/mortgage-loan-officer/J3V86M6P1H228HFL1MN,1,4,0,1,1,0,1,0,1,1
0,['Key Corp Bank'],Mortgage Loan Officer,https://careers.key.com/en-US/job/mortgage-loan-officer/J3R7BY73JFQGSZ21W3P,1,4,0,1,1,0,1,0,1,1
0,['Key Corp Bank'],Mortgage Loan Officer,https://careers.key.com/en-US/job/mortgage-loan-officer/J3V7WT5YRBDFZW5GQGX,1,4,0,1,1,0,1,0,1,1
0,['Key Corp Bank'],Mortgage Loan Officer,https://careers.key.com/en-US/job/mortgage-loan-officer/J3M84771Y93BHMMZJSY,1,4,0,1,1,0,1,0,1,1
0,['Key Corp Bank'],CDB Loan Officer,https://careers.key.com/en-US/job/cdb-loan-officer/J3M0XW62F4FZ323WX7G,0,3,0,0,1,0,1,0,0,1
0,['Key Corp Bank'],2019 Summer Retail Banking Intern- Hudson Valley/Stamford,https://careers.key.com/en-US/job/2019-summer-retail-banking-intern-hudson-valley-stamford/J3N6S46D6P4YHPF8SH0,2,4,0,1,1,0,1,1,1,1
0,['Key Corp Bank'],2019 Summer Retail Banking Intern- NW OH,https://careers.key.com/en-US/job/2019-summer-retail-banking-intern-nw-oh/J3W5YZ6VDWF9BC2GCZJ,2,4,0,1,1,0,1,1,1,1
0,['Key Corp Bank'],Surveillance Internship Program,https://careers.key.com/en-US/job/surveillance-internship-program/J3S28766Y7F3L386K8D,0,3,0,1,0,0,1,0,0,1
0,['Key Corp Bank'],2019 Summer Retail Banking Intern- Rochester NY,https://careers.key.com/en-US/job/2019-summer-retail-banking-intern-rochester-ny/J3S54B6M13KWXFXKKHG,2,4,0,1,1,0,1,1,1,1
0,['Key Corp Bank'],2019 Summer Retail Banking Intern- Utah,https://careers.key.com/en-US/job/2019-summer-retail-banking-intern-utah/J3P8J5654X6L96CJTHD,2,4,0,1,1,0,1,1,1,1
0,['Key Corp Bank'],2019 Summer Retail Banking Intern- Syracuse,https://careers.key.com/en-US/job/2019-summer-retail-banking-intern-syracuse/J3M7YR73HRWS5F4DRMQ,2,4,0,1,1,0,1,1,1,1
0,['Key Corp Bank'],2019 Summer Retail Banking Intern- NW OH,https://careers.key.com/en-US/job/2019-summer-retail-banking-intern-nw-oh/J3M1LQ77SY8HH3DST6J,2,4,0,1,1,0,1,1,1,1
0,['Key Corp Bank'],2019 Summer Retail Banking Intern- Hudson Valley/Stamford,https://careers.key.com/en-US/job/2019-summer-retail-banking-intern-hudson-valley-stamford/J3N7YP6RC339FH99YGK,2,4,0,1,1,0,1,1,1,1
0,['Key Corp Bank'],2019 Summer Retail Banking Intern- Eastern PA,https://careers.key.com/en-US/job/2019-summer-retail-banking-intern-eastern-pa/J3V4LM62229X26KGXB2,2,4,0,1,1,0,1,1,1,1
0,['Key Corp Bank'],2019 Summer Retail Banking Intern- Colorado,https://careers.key.com/en-US/job/2019-summer-retail-banking-intern-colorado/J3Q76J6WCSMYKMTRDLD,2,4,0,1,1,0,1,1,1,1
0,['Key Corp Bank'],2019 Summer Retail Banking Intern- Buffalo NY,https://careers.key.com/en-US/job/2019-summer-retail-banking-intern-buffalo-ny/J3T3VY6FF9LPCNX8088,2,4,0,1,1,0,1,1,1,1
0,['Key Corp Bank'],On Call Teller-Seattle,https://careers.key.com/en-US/job/on-call-teller-seattle/J3S41M6024LMM3RWHF9,2,4,0,1,1,0,1,1,1,1
0,['Key Corp Bank'],Licensed Relationship Manager-Highlands Ranch,https://careers.key.com/en-US/job/licensed-relationship-manager-highlands-ranch/J3Q16661593491NKPM5,1,4,0,1,1,0,1,0,1,1
0,['Key Corp Bank'],Branch Manager - South Columbus Area,https://careers.key.com/en-US/job/branch-manager-south-columbus-area/J3Q20Y674MQT7KMF3YC,1,4,0,1,1,0,1,1,0,1
0,['Key Corp Bank'],"Sr. Payments Advisor , Institutional Real Estate",https://careers.key.com/en-US/job/sr-payments-advisor-institutional-real-estate/J3P7DX60C4KRSHF79XR,1,4,1,1,0,0,1,0,1,1
0,['Key Corp Bank'],Float Teller ( 40 hours ) - Elkhart Area,https://careers.key.com/en-US/job/float-teller-40-hours-elkhart-area/J3M67L6266LDVS3JK20,2,4,0,1,1,0,1,1,1,1
0,['Key Corp Bank'],Branch Manager - Grove City Area,https://careers.key.com/en-US/job/branch-manager-grove-city-area/J3Q6Z96GMMW9N2M8D11,1,4,0,1,1,0,1,1,0,1
0,['Key Corp Bank'],Digital Front-End Engineering Leader,https://careers.key.com/en-US/job/digital-front-end-engineering-leader/J3Q7NX76GFF22FKVQ56,1,4,0,1,1,0,1,0,1,1
0,['Key Corp Bank'],Personal Banker-Colville,https://careers.key.com/en-US/job/personal-banker-colville/J3V0BV60PZ0HGTNH4Y0,2,4,0,1,1,0,1,1,1,1
0,['Key Corp Bank'],Personal Banker - Wedgwood,https://careers.key.com/en-US/job/personal-banker-wedgwood/J3S07Q6KQ69T7G749BC,2,4,0,1,1,0,1,1,1,1
0,['Key Corp Bank'],Branch Manager - Geneva,https://careers.key.com/en-US/job/branch-manager-geneva/J3R0X0604P76XHHXKVZ,1,4,0,1,1,0,1,1,0,1
0,['Key Corp Bank'],"Senior Relationship Manager , Community Development Lending",https://careers.key.com/en-US/job/senior-relationship-manager-community-development-lending/J3N3DC6MG2HG87GRNJ5,1,5,1,1,1,0,1,0,1,1
0,['Key Corp Bank'],"Mortgage Loan Officer - Greater Rochester , NY",https://careers.key.com/en-US/job/mortgage-loan-officer-greater-rochester-ny/J3W3GN64Y7Y93V0B4Y6,0,3,0,0,1,0,1,0,0,1
0,['Key Corp Bank'],Financial Analyst - Loan Surveillance,https://careers.key.com/en-US/job/financial-analyst-loan-surveillance/J3V68V6KWS3BPGQ37CL,0,4,0,1,1,0,1,0,0,1
0,['Key Corp Bank'],"Community Development Banking Mortgage Loan Officer- Cleveland , OH",https://careers.key.com/en-US/job/community-development-banking-mortgage-loan-officer-cleveland-oh/J3N1Q06857CDGQMXN4X,0,4,0,1,1,0,1,0,0,1
0,['Key Corp Bank'],Commercial Insurance Specialist,https://careers.key.com/en-US/job/commercial-insurance-specialist/J3W50K61QLZV0427F81,0,4,0,1,1,0,1,0,0,1
0,['Key Corp Bank'],Personal Banker-Normandy Park,https://careers.key.com/en-US/job/personal-banker-normandy-park/J3P7H0739197K7GF95X,2,4,0,1,1,0,1,1,1,1
0,['Key Corp Bank'],Personal Banker-Quincy,https://careers.key.com/en-US/job/personal-banker-quincy/J3P0QV6Y5BLRD0NK9HV,2,4,0,1,1,0,1,1,1,1
0,['Key Corp Bank'],Personal Banker-Belltown,https://careers.key.com/en-US/job/personal-banker-belltown/J3R81X6KK3DSDZ135CK,2,4,0,1,1,0,1,1,1,1
0,['Key Corp Bank'],Personal Banker-Lakewood Area,https://careers.key.com/en-US/job/personal-banker-lakewood-area/J3T6D97815NB52SMF59,2,4,0,1,1,0,1,1,1,1
0,['Key Corp Bank'],Financial Wellness Banker-Bellevue,https://careers.key.com/en-US/job/financial-wellness-banker-bellevue/J3N42564K6ZYS6KHFPG,2,4,0,1,1,0,1,1,1,1
0,['Key Corp Bank'],Branch Manager-Aurora Area,https://careers.key.com/en-US/job/branch-manager-aurora-area/J3N1GT62748CCFQH7HQ,1,4,0,1,1,0,1,1,0,1
0,['Key Corp Bank'],Trust Tax Administrative Assistant,https://careers.key.com/en-US/job/trust-tax-administrative-assistant/J3S7YQ78YTMH7055WFC,0,4,0,1,1,0,1,0,0,1
0,['Key Corp Bank'],Market Risk Quant/Modeling Analyst,https://careers.key.com/en-US/job/market-risk-quant-modeling-analyst/J3P1WK60TBJRSPZ1RFZ,1,3,0,1,0,0,1,0,1,1
0,['Key Corp Bank'],"Lead Teller , Lancaster Ave",https://careers.key.com/en-US/job/lead-teller-lancaster-ave/J3P00T6FT47PFNR8R1X,2,4,0,1,1,0,1,1,1,1
0,['Key Corp Bank'],"2019 KeyBanc Capital Markets Tech Investment Bnkg Intern-Portland , OR",https://careers.key.com/en-US/job/2019-keybanc-capital-markets-tech-investment-bnkg-intern-portland-or/J3N7M66S367W3C1SN9G,1,5,1,1,1,0,1,0,1,1
0,['Key Corp Bank'],"Lead Teller , Lancaster Ave",https://careers.key.com/en-US/job/lead-teller-lancaster-ave/J3S6NX6CYKLD1ZBXD4V,2,4,0,1,1,0,1,1,1,1
0,['Key Corp Bank'],Branch Manager - Gresham Mall,https://careers.key.com/en-US/job/branch-manager-gresham-mall/J3W10362JHCCS8JJ1TQ,1,4,0,1,1,0,1,1,0,1
0,['Key Corp Bank'],Part-Time Mobile Teller-Cleveland East,https://careers.key.com/en-US/job/part-time-mobile-teller-cleveland-east/J3P54472H6TR0TDTZK1,2,4,0,1,1,0,1,1,1,1
0,['Key Corp Bank'],Part-Time Mobile Teller - Shaker Heights Area,https://careers.key.com/en-US/job/part-time-mobile-teller-shaker-heights-area/J3Q1NK6S0R0JS9VT4LH,2,4,0,1,1,0,1,1,1,1
0,['Key Corp Bank'],Licensed Relationship Banker- Valatie,https://careers.key.com/en-US/job/licensed-relationship-banker-valatie/J3W349615JW6BZNHKCY,1,4,0,1,1,0,1,0,1,1
0,['Key Corp Bank'],Lead Teller-Queen Anne,https://careers.key.com/en-US/job/lead-teller-queen-anne/J3V45B6VTTX4R3Q18PH,2,4,0,1,1,0,1,1,1,1
0,['Key Corp Bank'],Financial Wellness Banker-Fremont,https://careers.key.com/en-US/job/financial-wellness-banker-fremont/J3N6XV69NDZLY0DYNFQ,2,4,0,1,1,0,1,1,1,1
0,['Key Corp Bank'],Branch Manager - Painesville,https://careers.key.com/en-US/job/branch-manager-painesville/J3M78B73YLJTW7Z9SCM,1,4,0,1,1,0,1,1,0,1
0,['Key Corp Bank'],"Mortgage Loan Officer - West Springfield , MA",https://careers.key.com/en-US/job/mortgage-loan-officer-west-springfield-ma/J3V48865ZP90KRYP2LX,1,4,0,1,1,0,1,0,1,1
0,['Key Corp Bank'],"Mortgage Loan Officer - Rutland , VT",https://careers.key.com/en-US/job/mortgage-loan-officer-rutland-vt/J3M7566WLDM2R0SX0TJ,1,4,0,1,1,0,1,0,1,1
0,['Key Corp Bank'],"Mortgage Loan Officer - Tolland , CT",https://careers.key.com/en-US/job/mortgage-loan-officer-tolland-ct/J3Q70Q6BV6QXDL6T8MN,1,4,0,1,1,0,1,0,1,1
0,['Key Corp Bank'],"Mortgage Loan Officer - Longview/Long Beach/Centralia , WA",https://careers.key.com/en-US/job/mortgage-loan-officer-longview-long-beach-centralia-wa/J3W0F06LJVM5SJVJP4C,1,4,0,1,1,0,1,0,1,1
0,['Key Corp Bank'],"Mortgage Loan Officer - South Jordan/Midvale , UT",https://careers.key.com/en-US/job/mortgage-loan-officer-south-jordan-midvale-ut/J3S6QP6GNXWGXR5DVQ9,1,4,0,1,1,0,1,0,1,1
0,['Key Corp Bank'],"Mortgage Loan Officer - Mishawaka/South Bend , IN",https://careers.key.com/en-US/job/mortgage-loan-officer-mishawaka-south-bend-in/J3W1TY62VY4CQ333J40,1,4,0,1,1,0,1,0,1,1
0,['Key Corp Bank'],Teller -On Call-Yellowstone-Pocatello Area,https://careers.key.com/en-US/job/teller-on-call-yellowstone-pocatello-area/J3M5LP7637V3B7XF31X,2,4,0,1,1,0,1,1,1,1
0,['Key Corp Bank'],Personal Banker- Mentor OH,https://careers.key.com/en-US/job/personal-banker-mentor-oh/J3R7Q36Y9CY1418PPN9,2,4,0,1,1,0,1,1,1,1
0,['Key Corp Bank'],Part-Time Teller - Norristown,https://careers.key.com/en-US/job/part-time-teller-norristown/J3M7936HZW0MRYJGZZF,2,4,0,1,1,0,1,1,1,1
0,['Key Corp Bank'],Financial Wellness Banker-Fort Collins-Drake Branch,https://careers.key.com/en-US/job/financial-wellness-banker-fort-collins-drake-branch/J3T2QF77JFH6ND4X1N1,2,4,0,1,1,0,1,1,1,1
0,['Key Corp Bank'],Personal Banker- Mentor OH,https://careers.key.com/en-US/job/personal-banker-mentor-oh/J3W33P6S0TYLG1BZQZL,2,4,0,1,1,0,1,1,1,1
0,['Key Corp Bank'],"KMS Regional Sales Executive - New Haven , CT",https://careers.key.com/en-US/job/kms-regional-sales-executive-new-haven-ct/J3M2VG6TF67KLT2B0YJ,1,5,1,1,1,0,1,0,1,1
0,['Key Corp Bank'],"KMS Regional Sales Executive - New Haven , CT",https://careers.key.com/en-US/job/kms-regional-sales-executive-new-haven-ct/J3S32S781T5NNZGJWTD,1,5,1,1,1,0,1,0,1,1
0,['Key Corp Bank'],Commercial Bank Relationship Officer ( Loan Closing Specialist ),https://careers.key.com/en-US/job/commercial-bank-relationship-officer-loan-closing-specialist/J3Q62H6K16YHKYV4YCD,1,4,0,1,1,0,1,0,1,1
0,['Key Corp Bank'],Teller - 20 Hours - Benson,https://careers.key.com/en-US/job/teller-20-hours-benson/J3P79G65XBHNRRVNHJQ,2,4,0,1,1,0,1,1,1,1
0,['Key Corp Bank'],Personal Banker - Sodus,https://careers.key.com/en-US/job/personal-banker-sodus/J3T2QM6WT13CL12167B,2,4,0,1,1,0,1,1,1,1
0,['Key Corp Bank'],Personal Banker - Benson,https://careers.key.com/en-US/job/personal-banker-benson/J3M7ZZ70HRY25VMYYTP,2,4,0,1,1,0,1,1,1,1
0,['Key Corp Bank'],Part Time Teller 27 Main Street,https://careers.key.com/en-US/job/part-time-teller-27-main-street/J3N5JY6DLX813BBG2YC,2,4,0,1,1,0,1,1,1,1
0,['Key Corp Bank'],Lead Teller Westlake,https://careers.key.com/en-US/job/lead-teller-westlake/J3S88K6CN5ZZT0D0DZ1,2,4,0,1,1,0,1,1,1,1
0,['Key Corp Bank'],Branch Manager - Westerville Branch,https://careers.key.com/en-US/job/branch-manager-westerville-branch/J3R1HS6ZYZX386FMLZT,1,4,0,1,1,0,1,1,0,1
0,['Key Corp Bank'],Lead Teller Westlake,https://careers.key.com/en-US/job/lead-teller-westlake/J3V4RZ62P5VR4Q5QC92,2,4,0,1,1,0,1,1,1,1
0,['Key Corp Bank'],Part Time Teller 27 Main Street,https://careers.key.com/en-US/job/part-time-teller-27-main-street/J3N4ZT6D7HWYJ6GH8PS,2,4,0,1,1,0,1,1,1,1
0,['Key Corp Bank'],"Mortgage Loan Officer - Rochester/Morton , WA",https://careers.key.com/en-US/job/mortgage-loan-officer-rochester-morton-wa/J3N10R780619BNXPV7M,1,4,0,1,1,0,1,0,1,1
0,['Key Corp Bank'],"Mortgage Loan Officer - Bellevue/Seattle , WA",https://careers.key.com/en-US/job/mortgage-loan-officer-bellevue-seattle-wa/J3T7XY5ZF01PQF77S64,1,4,0,1,1,0,1,0,1,1
0,['Key Corp Bank'],"Mortgage Loan Officer - Arlington/Granite Falls/Monroe , WA",https://careers.key.com/en-US/job/mortgage-loan-officer-arlington-granite-falls-monroe-wa/J3M2BC68CDJYG2PHYX0,1,4,0,1,1,0,1,0,1,1
0,['Key Corp Bank'],Key @ Work Relationship Manager - Bellingham,https://careers.key.com/en-US/job/keywork-relationship-manager-bellingham/J3R56H67XJJSHXNP5NY,1,4,0,1,1,0,1,0,1,1
0,['Key Corp Bank'],Personal Banker - Orcas Island,https://careers.key.com/en-US/job/personal-banker-orcas-island/J3R09K707XLSM0QG3ZN,2,4,0,1,1,0,1,1,1,1
0,['Key Corp Bank'],Licensed Relationship Manager-Colville,https://careers.key.com/en-US/job/licensed-relationship-manager-colville/J3T4NP710N23CSFPPQX,1,4,0,1,1,0,1,0,1,1
0,['Key Corp Bank'],Sr Business Banking Relationship Manager,https://careers.key.com/en-US/job/sr-business-banking-relationship-manager/J3T2W16VQJ54VDWJJPP,1,5,1,1,1,0,1,0,1,1
0,['Key Corp Bank'],"Senior Relationship Manager , Income Property Group",https://careers.key.com/en-US/job/senior-relationship-manager-income-property-group/J3N0KS6CL6NQV7FCC6J,1,4,0,1,1,0,1,0,1,1
0,['Key Corp Bank'],"Mortgage Loan Officer - Puyallup/Enumclaw , WA",https://careers.key.com/en-US/job/mortgage-loan-officer-puyallup-enumclaw-wa/J3P6D46FCMQJYT7HS6M,1,4,0,1,1,0,1,0,1,1
0,['Key Corp Bank'],Financial Advisor,https://careers.key.com/en-US/job/financial-advisor/J3R4TX5W8M39VT76G6P,1,4,0,1,1,0,1,0,1,1
0,['Key Corp Bank'],Teller ( 35 hours ) - Middlebury,https://careers.key.com/en-US/job/teller-35-hours-middlebury/J3P03C6WRB63MTQDZQ5,2,4,0,1,1,0,1,1,1,1
0,['Key Corp Bank'],Personal Banker - Mendenhall/Juneau Area,https://careers.key.com/en-US/job/personal-banker-mendenhall-juneau-area/J3M1D274DZ3N3KBHDLL,2,4,0,1,1,0,1,1,1,1
0,['Key Corp Bank'],Float Teller - Skagit County,https://careers.key.com/en-US/job/float-teller-skagit-county/J3V81K6ZX7GLYCL0ZSD,2,4,0,1,1,0,1,1,1,1
0,['Key Corp Bank'],"Mortgage Loan Officer - Shelton , CT",https://careers.key.com/en-US/job/mortgage-loan-officer-shelton-ct/J3Q6SX6H3C05S211FRC,1,4,0,1,1,0,1,0,1,1
0,['Key Corp Bank'],"Mortgage Loan Officer - Orangeburg , NY",https://careers.key.com/en-US/job/mortgage-loan-officer-orangeburg-ny/J3V4T46QQB4D5DV0320,1,4,0,1,1,0,1,0,1,1
0,['Key Corp Bank'],"Mortgage Loan Officer - Newburgh , NY",https://careers.key.com/en-US/job/mortgage-loan-officer-newburgh-ny/J3W5FZ6XQCH3D111L44,1,4,0,1,1,0,1,0,1,1
0,['Key Corp Bank'],"Mortgage Loan Officer - Colorado Springs , CO",https://careers.key.com/en-US/job/mortgage-loan-officer-colorado-springs-co/J3P1CR70RKQZ46BK9DP,1,4,0,1,1,0,1,0,1,1
0,['Key Corp Bank'],"Healthcare Mortgage Lending Officer ( Physician , Dentist , Veterinarian )",https://careers.key.com/en-US/job/healthcare-mortgage-lending-officer-physician-dentist-veterinarian/J3S1BM6S46W70M84V3T,1,3,0,0,1,0,1,0,1,1
0,['Key Corp Bank'],"Healthcare Mortgage Lending Officer ( Physician , Dentist , Veterinarian )",https://careers.key.com/en-US/job/healthcare-mortgage-lending-officer-physician-dentist-veterinarian/J3M813639XVJ93Y9X8X,1,3,0,0,1,0,1,0,1,1
0,['Key Corp Bank'],Business Banking Relationship Manager,https://careers.key.com/en-US/job/business-banking-relationship-manager/J3Q3C768VJT9ZF0FL1H,1,5,1,1,1,0,1,0,1,1
0,['Key Corp Bank'],"Investment Banking Associate , Health Systems M & A , San Francisco",https://careers.key.com/en-US/job/investment-banking-associate-health-systems-ma-san-francisco/J3N2LG6KWQPWX7TNFC1,0,3,0,0,1,0,1,0,0,1
0,['Key Corp Bank'],"Healthcare Mortgage Lending Officer ( Physician , Dentist , Veterinarian )",https://careers.key.com/en-US/job/healthcare-mortgage-lending-officer-physician-dentist-veterinarian/J3V0VF5Y6RGGCD1QHG9,1,3,0,0,1,0,1,0,1,1
0,['Key Corp Bank'],"Healthcare Mortgage Lending Officer ( Physician , Dentist , Veterinarian )",https://careers.key.com/en-US/job/healthcare-mortgage-lending-officer-physician-dentist-veterinarian/J3P7MD70ND32DP968WK,1,3,0,0,1,0,1,0,1,1
0,['Key Corp Bank'],"Healthcare Mortgage Lending Officer ( Physician , Dentist , Veterinarian )",https://careers.key.com/en-US/job/healthcare-mortgage-lending-officer-physician-dentist-veterinarian/J3W4YW71ZTCN4LFTRZV,1,3,0,0,1,0,1,0,1,1
0,['Key Corp Bank'],"Healthcare Mortgage Lending Officer ( Physician , Dentist , Veterinarian )",https://careers.key.com/en-US/job/healthcare-mortgage-lending-officer-physician-dentist-veterinarian/J3Q1VT6WRLY0N13SB3T,1,3,0,0,1,0,1,0,1,1
0,['Key Corp Bank'],"Healthcare Mortgage Lending Officer ( Physician , Dentist , Veterinarian )",https://careers.key.com/en-US/job/healthcare-mortgage-lending-officer-physician-dentist-veterinarian/J3Q8B86JLQKKPDM42ZD,1,3,0,0,1,0,1,0,1,1
0,['Key Corp Bank'],"Healthcare Mortgage Lending Officer ( Physician , Dentist , Veterinarian )",https://careers.key.com/en-US/job/healthcare-mortgage-lending-officer-physician-dentist-veterinarian/J3V50S76LZH6TL6L6JZ,1,3,0,0,1,0,1,0,1,1
0,['Key Corp Bank'],"Healthcare Mortgage Lending Officer ( Physician , Dentist , Veterinarian )",https://careers.key.com/en-US/job/healthcare-mortgage-lending-officer-physician-dentist-veterinarian/J3W2SB6V5ZD50ZJ4GMY,1,3,0,0,1,0,1,0,1,1
0,['Key Corp Bank'],"Healthcare Mortgage Lending Officer ( Physician , Dentist , Veterinarian )",https://careers.key.com/en-US/job/healthcare-mortgage-lending-officer-physician-dentist-veterinarian/J3M61Y76WBP2ZPGF7GB,1,3,0,0,1,0,1,0,1,1
0,['Key Corp Bank'],"Healthcare Mortgage Lending Officer ( Physician , Dentist , Veterinarian )",https://careers.key.com/en-US/job/healthcare-mortgage-lending-officer-physician-dentist-veterinarian/J3N09Q6L8J18470K8LH,1,3,0,0,1,0,1,0,1,1
0,['Key Corp Bank'],"Healthcare Mortgage Lending Officer ( Physician , Dentist , Veterinarian )",https://careers.key.com/en-US/job/healthcare-mortgage-lending-officer-physician-dentist-veterinarian/J3R1HN66XYJRFYHNF23,1,3,0,0,1,0,1,0,1,1
0,['Key Corp Bank'],"Healthcare Mortgage Lending Officer ( Physician , Dentist , Veterinarian )",https://careers.key.com/en-US/job/healthcare-mortgage-lending-officer-physician-dentist-veterinarian/J3V32266HBS0XW270L9,1,3,0,0,1,0,1,0,1,1
0,['Key Corp Bank'],"Healthcare Mortgage Lending Officer ( Physician , Dentist , Veterinarian )",https://careers.key.com/en-US/job/healthcare-mortgage-lending-officer-physician-dentist-veterinarian/J3T65Q6T2K4QLBQR0RL,1,3,0,0,1,0,1,0,1,1
0,['Key Corp Bank'],Commercial Banking Relationship Manager,https://careers.key.com/en-US/job/commercial-banking-relationship-manager/J3N43F72R6CR78V5YVT,1,4,0,1,1,0,1,0,1,1
0,['Key Corp Bank'],Business Banking Relationship Manager or Sr . Relationship Manager,https://careers.key.com/en-US/job/business-banking-relationship-manager-or-sr-relationship-manager/J3W6625X5YRJTMHDXFT,1,5,1,1,1,0,1,0,1,1
0,['Key Corp Bank'],Teller ( 20 hours ) - Elmwood Utica,https://careers.key.com/en-US/job/teller-20-hours-elmwood-utica/J3P5BD6NWF94QS8NYBB,2,4,0,1,1,0,1,1,1,1
0,['Key Corp Bank'],Branch Manager - Cincinnati Area,https://careers.key.com/en-US/job/branch-manager-cincinnati-area/J3V84B77YR07ZZTR02F,1,4,0,1,1,0,1,1,0,1
0,['Key Corp Bank'],Teller ( 20 hours ) - Elmwood Utica,https://careers.key.com/en-US/job/teller-20-hours-elmwood-utica/J3W1Q16TXXQM7YBPHSS,2,4,0,1,1,0,1,1,1,1
0,['Key Corp Bank'],Instructional Designer,https://careers.key.com/en-US/job/instructional-designer/J3V3J870JZWVK4B6QMX,1,4,0,1,1,0,1,0,1,1
0,['Key Corp Bank'],Compliance Officer     Financial Crimes Governance,https://careers.key.com/en-US/job/compliance-officer-%E2%80%93-financial-crimes-governance/J3Q5SB6D3QP214H7YQ0,1,4,0,1,1,0,1,0,1,1
0,['Key Corp Bank'],Personal Banker-Aurora-Havana Gardens Branch,https://careers.key.com/en-US/job/personal-banker-aurora-havana-gardens-branch/J3W6PB6PZJH6VLW7ZB3,2,4,0,1,1,0,1,1,1,1
0,['Key Corp Bank'],Teller ( 35 hours ) - Cortlandville,https://careers.key.com/en-US/job/teller-35-hours-cortlandville/J3M79974MT2X14F13HZ,2,4,0,1,1,0,1,1,1,1
0,['Key Corp Bank'],Personal Banker - Rochester West Area,https://careers.key.com/en-US/job/personal-banker-rochester-west-area/J3V37Q67GY7KF1S2C8G,2,4,0,1,1,0,1,1,1,1
0,['Key Corp Bank'],Personal Banker - Everhard,https://careers.key.com/en-US/job/personal-banker-everhard/J3Q6RM6KQZYXR5PN1NM,2,4,0,1,1,0,1,1,1,1
0,['Key Corp Bank'],Branch Manager - New Rochelle,https://careers.key.com/en-US/job/branch-manager-new-rochelle/J3W7CD75NH53MPDKFP1,1,4,0,1,1,0,1,1,0,1
0,['Key Corp Bank'],Personal Banker - Everhard,https://careers.key.com/en-US/job/personal-banker-everhard/J3V4456DHRJKQW7T44Y,2,4,0,1,1,0,1,1,1,1
0,['Key Corp Bank'],"Mortgage Loan Officer - Puyallup , WA",https://careers.key.com/en-US/job/mortgage-loan-officer-puyallup-wa/J3M229609WFV62LBQ5X,1,4,0,1,1,0,1,0,1,1
0,['Key Corp Bank'],"Mortgage Loan Officer - Tacoma/Federal Way , WA",https://careers.key.com/en-US/job/mortgage-loan-officer-tacoma-federal-way-wa/J3T43Z6JDPHLBHVNX2X,1,4,0,1,1,0,1,0,1,1
0,['Key Corp Bank'],"Mortgage Loan Officer - Tacoma , WA",https://careers.key.com/en-US/job/mortgage-loan-officer-tacoma-wa/J3S5CC6T5YKF8D6DNCF,1,4,0,1,1,0,1,0,1,1
0,['Key Corp Bank'],"Mortgage Loan Officer - Tacoma/Federal Way , WA",https://careers.key.com/en-US/job/mortgage-loan-officer-tacoma-federal-way-wa/J3P0KS6RZ3KT8NYLJQ8,1,4,0,1,1,0,1,0,1,1
0,['Key Corp Bank'],"Mortgage Loan Officer - Vancouver , WA",https://careers.key.com/en-US/job/mortgage-loan-officer-vancouver-wa/J3V3XT60F1Q906196K2,1,4,0,1,1,0,1,0,1,1
0,['Key Corp Bank'],"Mortgage Loan Officer - Elkhart , IN",https://careers.key.com/en-US/job/mortgage-loan-officer-elkhart-in/J3Q2T26WWJ9YD44LDVD,1,4,0,1,1,0,1,0,1,1
0,['Key Corp Bank'],"Mortgage Loan Officer - Commerce City/Aurora , CO",https://careers.key.com/en-US/job/mortgage-loan-officer-commerce-city-aurora-co/J3N60G7212Q85VQ0KMZ,1,4,0,1,1,0,1,0,1,1
0,['Key Corp Bank'],"Mortgage Loan Officer - Portland , OR",https://careers.key.com/en-US/job/mortgage-loan-officer-portland-or/J3V30M77Q9XD99V1Y5Z,1,4,0,1,1,0,1,0,1,1
0,['Key Corp Bank'],"Mortgage Loan Officer - Auburn/Kent , WA",https://careers.key.com/en-US/job/mortgage-loan-officer-auburn-kent-wa/J3M6NJ6YW8B9M9SD1CC,1,4,0,1,1,0,1,0,1,1
0,['Key Corp Bank'],"Mortgage Loan Officer - Covington/Kent , WA",https://careers.key.com/en-US/job/mortgage-loan-officer-covington-kent-wa/J3P2H46XK121QVWPZX9,1,4,0,1,1,0,1,0,1,1
0,['Key Corp Bank'],"Mortgage Loan Officer - Covington/Kent , WA",https://careers.key.com/en-US/job/mortgage-loan-officer-covington-kent-wa/J3R15X79SNZDKB1FG84,1,4,0,1,1,0,1,0,1,1
0,['Key Corp Bank'],"Mortgage Loan Officer - Bothel/Mukiteo , WA",https://careers.key.com/en-US/job/mortgage-loan-officer-bothel-mukiteo-wa/J3T7T863B2JRH50L7SM,1,4,0,1,1,0,1,0,1,1
0,['Key Corp Bank'],"Mortgage Loan Officer - Auburn/Kent , WA",https://careers.key.com/en-US/job/mortgage-loan-officer-auburn-kent-wa/J3T2Y06XFMNV57WWQVH,1,4,0,1,1,0,1,0,1,1
0,['Key Corp Bank'],"Mortgage Loan Officer - Commerce City/Aurora , CO",https://careers.key.com/en-US/job/mortgage-loan-officer-commerce-city-aurora-co/J3V4VB76QSCVLZGS6RK,1,4,0,1,1,0,1,0,1,1
0,['Key Corp Bank'],Branch Manager - New Rochelle,https://careers.key.com/en-US/job/branch-manager-new-rochelle/J3M6456WBB49L4GDW66,1,4,0,1,1,0,1,1,0,1
0,['Key Corp Bank'],Financial Advisor,https://careers.key.com/en-US/job/financial-advisor/J3S2Y16JVZFB1KR93T7,1,4,0,1,1,0,1,0,1,1
0,['Key Corp Bank'],Licensed Relationship Banker - Perinton Branch,https://careers.key.com/en-US/job/licensed-relationship-banker-perinton-branch/J3M2VB60FCSXX6RS1SR,1,4,0,1,1,0,1,0,1,1
0,['Key Corp Bank'],"Mortgage Loan Officer - Akron/Canton , OH Area",https://careers.key.com/en-US/job/mortgage-loan-officer-akron-canton-oh-area/J3R3X078X921V2G030R,1,4,0,1,1,0,1,0,1,1
0,['Key Corp Bank'],"Mortgage Loan Officer - Akron/Canton , OH Area",https://careers.key.com/en-US/job/mortgage-loan-officer-akron-canton-oh-area/J3P733779TR5D6WDTQ2,1,4,0,1,1,0,1,0,1,1
0,['Key Corp Bank'],"Community Development Mortgage Loan Officer-Greater Rochester , NY Area",https://careers.key.com/en-US/job/community-development-mortgage-loan-officer-greater-rochester-ny-area/J3N5YR6MPBYWWFC1Z9V,0,3,0,0,1,0,1,0,0,1
0,['Key Corp Bank'],Licensed Relationship Manager - Tacoma Westgate,https://careers.key.com/en-US/job/licensed-relationship-manager-tacoma-westgate/J3T4DQ6Y105M4151YRF,1,4,0,1,1,0,1,0,1,1
0,['Key Corp Bank'],Float Teller - Skagit County,https://careers.key.com/en-US/job/float-teller-skagit-county/J3T1MN6BB10YWL2V0PT,2,4,0,1,1,0,1,1,1,1
0,['Key Corp Bank'],Financial Wellness Banker-Totem Lake,https://careers.key.com/en-US/job/financial-wellness-banker-totem-lake/J3T6066RWNTCS2DVN3S,2,4,0,1,1,0,1,1,1,1
0,['Key Corp Bank'],Branch Manager - Downtown Springfield,https://careers.key.com/en-US/job/branch-manager-downtown-springfield/J3M5CX6Q2R1N5WFMH5Z,1,4,0,1,1,0,1,1,0,1
0,['Key Corp Bank'],Senior Specialist ( Collections ),https://careers.key.com/en-US/job/senior-specialist-collections/J3N3HH6ZB46RDGRMXC2,1,4,0,1,1,0,1,0,1,1
0,['Key Corp Bank'],Regional Planning Strategist,https://careers.key.com/en-US/job/regional-planning-strategist/J3N5D6748Z9TDLP6SCW,1,4,0,1,1,0,1,0,1,1
0,['Key Corp Bank'],"Sales and Analytics Effectiveness Summer Undergrad Intern Superior , CO",https://careers.key.com/en-US/job/sales-and-analytics-effectiveness-summer-undergrad-intern-superior-co/J3N0LM5VQYYVF9FBNKJ,0,4,0,1,1,0,1,0,0,1
0,['Key Corp Bank'],Personal Banker - Skippack,https://careers.key.com/en-US/job/personal-banker-skippack/J3R6VK6HBKKCH2NR003,2,4,0,1,1,0,1,1,1,1
0,['Key Corp Bank'],"Mortgage Loan Officer - Springfield , OH",https://careers.key.com/en-US/job/mortgage-loan-officer-springfield-oh/J3T1RM7145Z9FV9FFWK,1,4,0,1,1,0,1,0,1,1
0,['Key Corp Bank'],"Mortgage Loan Officer - Harrison , OH",https://careers.key.com/en-US/job/mortgage-loan-officer-harrison-oh/J3W2Y26QZTZSH9Z7C88,1,4,0,1,1,0,1,0,1,1
0,['Key Corp Bank'],Licensed Relationship Manager - Westport,https://careers.key.com/en-US/job/licensed-relationship-manager-westport/J3V7VP6VFKSTV9C4X2X,1,4,0,1,1,0,1,0,1,1
0,['Key Corp Bank'],Personal Banker- Bellevue,https://careers.key.com/en-US/job/personal-banker-bellevue/J3Q1VX646BFKQBLK5R9,2,4,0,1,1,0,1,1,1,1
0,['Key Corp Bank'],Personal Banker- Copake,https://careers.key.com/en-US/job/personal-banker-copake/J3R66C5X59DB7HG15TJ,2,4,0,1,1,0,1,1,1,1
0,['Key Corp Bank'],Personal Banker - Skippack,https://careers.key.com/en-US/job/personal-banker-skippack/J3V3KQ6JWRWXLLJQHCZ,2,4,0,1,1,0,1,1,1,1
0,['Key Corp Bank'],Licensed Relationship Manager - Westport,https://careers.key.com/en-US/job/licensed-relationship-manager-westport/J3N346784859LB712KN,1,4,0,1,1,0,1,0,1,1
0,['Key Corp Bank'],"Mortgage Loan Officer - Salem , OR",https://careers.key.com/en-US/job/mortgage-loan-officer-salem-or/J3W0Z66FVM0CNSWLMN3,1,4,0,1,1,0,1,0,1,1
0,['Key Corp Bank'],Personal Banker - Frazer,https://careers.key.com/en-US/job/personal-banker-frazer/J3Q67Z6KNNFKGY4M6TH,2,4,0,1,1,0,1,1,1,1
0,['Key Corp Bank'],"Senior Payments Advisor , Middle Market , Boston",https://careers.key.com/en-US/job/senior-payments-advisor-middle-market-boston/J3W5JW5Y0Q42PK3T789,1,5,1,1,1,0,1,0,1,1
0,['Key Corp Bank'],Personal Banker- Potsdam,https://careers.key.com/en-US/job/personal-banker-potsdam/J3N3PP7845D4B74N571,2,4,0,1,1,0,1,1,1,1
0,['Key Corp Bank'],"Mortgage Loan Officer - Mansfield , OH",https://careers.key.com/en-US/job/mortgage-loan-officer-mansfield-oh/J3P5BH6Y139X04PKRVF,1,4,0,1,1,0,1,0,1,1
0,['Key Corp Bank'],"Mortgage Loan Officer - Columbus , OH",https://careers.key.com/en-US/job/mortgage-loan-officer-columbus-oh/J3N03X6TP3603HHQX4T,1,4,0,1,1,0,1,0,1,1
0,['Key Corp Bank'],"Mortgage Loan Officer - Gahanna/Columbus , OH",https://careers.key.com/en-US/job/mortgage-loan-officer-gahanna-columbus-oh/J3Q2HS6SNZ5PZ7QFCT5,1,4,0,1,1,0,1,0,1,1
0,['Key Corp Bank'],"Mortgage Loan Officer - Kennebunk , ME",https://careers.key.com/en-US/job/mortgage-loan-officer-kennebunk-me/J3R0L26Q5VC4Y0S0VZ4,1,4,0,1,1,0,1,0,1,1
0,['Key Corp Bank'],"Mortgage Loan Officer - Bethel , OH",https://careers.key.com/en-US/job/mortgage-loan-officer-bethel-oh/J3V4SK5ZW48YCGDS1CY,1,4,0,1,1,0,1,0,1,1
0,['Key Corp Bank'],Lead Teller- Norway,https://careers.key.com/en-US/job/lead-teller-norway/J3N4J073JW52SS7Q7XM,2,4,0,1,1,0,1,1,1,1
0,['Key Corp Bank'],Float Teller - 20 Hours - Anchorage,https://careers.key.com/en-US/job/float-teller-20-hours-anchorage/J3P5ZQ75VS8WQHJ7HT0,2,4,0,1,1,0,1,1,1,1
0,['Key Corp Bank'],Float Teller - 20 Hours - Anchorage,https://careers.key.com/en-US/job/float-teller-20-hours-anchorage/J3S22C61S7Q6SJFFHMK,2,4,0,1,1,0,1,1,1,1
0,['Key Corp Bank'],Personal Banker - Magnolia,https://careers.key.com/en-US/job/personal-banker-magnolia/J3T8496TD68933NR2KC,2,4,0,1,1,0,1,1,1,1
0,['Key Corp Bank'],Part Time Teller ( 20 hours ) - North Arlington Branch,https://careers.key.com/en-US/job/part-time-teller-20-hours-north-arlington-branch/J3P5YS72JDJ2DNSQ82P,2,4,0,1,1,0,1,1,1,1
0,['Key Corp Bank'],Teller - 20 Hours - Woodburn,https://careers.key.com/en-US/job/teller-20-hours-woodburn/J3W22F6BMPN7LPW3Y2Y,2,4,0,1,1,0,1,1,1,1
0,['Key Corp Bank'],Teller - 20 Hours - 5th Avenue,https://careers.key.com/en-US/job/teller-20-hours-5th-avenue/J3W13Y6GN1JD4L3C27X,2,4,0,1,1,0,1,1,1,1
0,['Key Corp Bank'],Teller - 20 Hours - Benson,https://careers.key.com/en-US/job/teller-20-hours-benson/J3T6QB5XM3B5VRR0S2V,2,4,0,1,1,0,1,1,1,1
0,['Key Corp Bank'],Teller ( 30 Hours ) - Newcastle,https://careers.key.com/en-US/job/teller-30-hours-newcastle/J3W6JD69V82Z7XR1BGP,2,4,0,1,1,0,1,1,1,1
0,['Key Corp Bank'],Personal Banker - Arlington,https://careers.key.com/en-US/job/personal-banker-arlington/J3M5NG6G9Z3T3JKR29Y,2,4,0,1,1,0,1,1,1,1
0,['Key Corp Bank'],Lead Teller-SoDo,https://careers.key.com/en-US/job/lead-teller-sodo/J3S1Z369LFFH9F9L94Q,2,4,0,1,1,0,1,1,1,1
0,['Key Corp Bank'],Lead Teller-Belgate,https://careers.key.com/en-US/job/lead-teller-belgate/J3W7VJ6LTNYKL98ZFRQ,2,4,0,1,1,0,1,1,1,1
0,['Key Corp Bank'],Lead Teller - Andover Park,https://careers.key.com/en-US/job/lead-teller-andover-park/J3S88N68M0SY9DFRH6S,2,4,0,1,1,0,1,1,1,1
0,['Key Corp Bank'],Float Teller - 20 Hours - Vancouver,https://careers.key.com/en-US/job/float-teller-20-hours-vancouver/J3P88F767CTMJ8KX5VV,2,4,0,1,1,0,1,1,1,1
0,['Key Corp Bank'],Branch Manager - Sweet Home,https://careers.key.com/en-US/job/branch-manager-sweet-home/J3S4D569Y7YPG45VQ1K,1,4,0,1,1,0,1,1,0,1
0,['Key Corp Bank'],Teller-Fulltime Float-Salt Lake City Area,https://careers.key.com/en-US/job/teller-fulltime-float-salt-lake-city-area/J3M7556CP4C5RNTBVWV,2,4,0,1,1,0,1,1,1,1
0,['Key Corp Bank'],Teller-Fultime-Littleton Area,https://careers.key.com/en-US/job/teller-fultime-littleton-area/J3Q16J6B1CNZX3L6QT0,2,4,0,1,1,0,1,1,1,1
0,['Key Corp Bank'],"Equity Research Associate , E & P , Austin",https://careers.key.com/en-US/job/equity-research-associate-ep-austin/J3V3PN69ZPYJ55BQDDF,1,4,0,1,1,0,1,0,1,1
0,['Key Corp Bank'],Personal Banker - Warwick,https://careers.key.com/en-US/job/personal-banker-warwick/J3W6165X87H28376NG2,2,4,0,1,1,0,1,1,1,1
0,['Key Corp Bank'],"Mortgage Loan Officer - Brighton , NY",https://careers.key.com/en-US/job/mortgage-loan-officer-brighton-ny/J3T2146RNNM69Y8546X,1,4,0,1,1,0,1,0,1,1
0,['Key Corp Bank'],"Equity Research Associate , China Internet",https://careers.key.com/en-US/job/equity-research-associate-china-internet/J3R84H6N0BX7KDRC8XR,1,3,0,1,0,0,1,0,1,1
0,['Key Corp Bank'],Personal Banker Multibranch - West Tusc . St. - Canton,https://careers.key.com/en-US/job/personal-banker-multibranch-west-tusc-st-canton/J3V4MT62D3JTW874XR7,2,4,0,1,1,0,1,1,1,1
0,['Key Corp Bank'],Equipment Finance Officer - Middle Market ( Chicago OR Michigan ),https://careers.key.com/en-US/job/equipment-finance-officer-middle-market-chicago-or-michigan/J3V3G06G0MN9671GZ1Z,1,4,0,1,1,0,1,0,1,1
0,['Key Corp Bank'],Equipment Finance Officer - Middle Market ( Chicago OR Michigan ),https://careers.key.com/en-US/job/equipment-finance-officer-middle-market-chicago-or-michigan/J3T3LM73ZF33M8WVHGG,1,4,0,1,1,0,1,0,1,1
0,['Key Corp Bank'],Equipment Finance Officer - Middle Market ( Chicago OR Michigan ),https://careers.key.com/en-US/job/equipment-finance-officer-middle-market-chicago-or-michigan/J3V802756R6HPXCGTZ7,1,4,0,1,1,0,1,0,1,1
0,['Key Corp Bank'],2019 Summer Retail Banking Intern- New Haven,https://careers.key.com/en-US/job/2019-summer-retail-banking-intern-new-haven/J3P18H6PRZKCBT6VVJ3,2,4,0,1,1,0,1,1,1,1
0,['Key Corp Bank'],2019 Summer Retail Banking Intern- Hartford/MA,https://careers.key.com/en-US/job/2019-summer-retail-banking-intern-hartford-ma/J3M21K65PJ6NHMMCWH4,2,4,0,1,1,0,1,1,1,1
0,['Key Corp Bank'],2019 Summer Retail Banking Intern- Hartford/MA,https://careers.key.com/en-US/job/2019-summer-retail-banking-intern-hartford-ma/J3M3GK64FQ7LL1YCTX7,2,4,0,1,1,0,1,1,1,1
0,['Key Corp Bank'],2019 Summer Retail Banking Intern- New Haven,https://careers.key.com/en-US/job/2019-summer-retail-banking-intern-new-haven/J3T0KV73P69VXRCT6ZX,2,4,0,1,1,0,1,1,1,1
0,['Key Corp Bank'],Key @ Work Relationship Manager - Bellingham,https://careers.key.com/en-US/job/keywork-relationship-manager-bellingham/J3W4YK638LNZTFL75BD,1,4,0,1,1,0,1,0,1,1
0,['Key Corp Bank'],Personal Banker- Springvale,https://careers.key.com/en-US/job/personal-banker-springvale/J3Q3RS6VWGRRN24H6RD,2,4,0,1,1,0,1,1,1,1
0,['Key Corp Bank'],On Call Teller- Presque Isle/ Caribou Area,https://careers.key.com/en-US/job/on-call-teller-presque-isle-caribou-area/J3S1GJ5YBX08WWMWH57,2,4,0,1,1,0,1,1,1,1
0,['Key Corp Bank'],Licensed Relationship Manager - Fishkill,https://careers.key.com/en-US/job/licensed-relationship-manager-fishkill/J3V6D56FBMDLWDHFF1W,1,4,0,1,1,0,1,0,1,1
0,['Key Corp Bank'],Lead Teller - Lynnwood,https://careers.key.com/en-US/job/lead-teller-lynnwood/J3R3H56V2WYRG823TFX,2,4,0,1,1,0,1,1,1,1
0,['Key Corp Bank'],Lead Teller - Buckeye Rd .,https://careers.key.com/en-US/job/lead-teller-buckeye-rd/J3Q57P6GZ4HVSX1LKR6,2,4,0,1,1,0,1,1,1,1
0,['Key Corp Bank'],"Senior Relationship Manager , Community Development Lending",https://careers.key.com/en-US/job/senior-relationship-manager-community-development-lending/J3L4RZ6W09NK0DPKVGV,1,5,1,1,1,0,1,0,1,1
0,['Key Corp Bank'],Lead Teller - Buckeye Rd .,https://careers.key.com/en-US/job/lead-teller-buckeye-rd/J3S86J6GCKHN7GXP4GY,2,4,0,1,1,0,1,1,1,1
0,['Key Corp Bank'],Licensed Relationship Manager - Fishkill,https://careers.key.com/en-US/job/licensed-relationship-manager-fishkill/J3V5WW62GCHZWD8NM97,1,4,0,1,1,0,1,0,1,1
0,['Key Corp Bank'],Business Resource Center RM,https://careers.key.com/en-US/job/business-resource-center-rm/J3P83X67P81WC7D4Z2R,0,4,0,1,1,0,1,0,0,1
0,['Key Corp Bank'],Business Resource Center RM,https://careers.key.com/en-US/job/business-resource-center-rm/J3S4MG62K2V3VHL8SP9,0,4,0,1,1,0,1,0,0,1
0,['Key Corp Bank'],Business Resource Center RM,https://careers.key.com/en-US/job/business-resource-center-rm/J3T6SK6PX7C82DDYQF4,0,4,0,1,1,0,1,0,0,1
0,['Key Corp Bank'],Associate Relationship Mgr - Private Bank,https://careers.key.com/en-US/job/associate-relationship-mgr-private-bank/J3S6K27949ZDN2MRVHT,1,4,0,1,1,0,1,0,1,1
0,['Key Corp Bank'],Business Resource Center Sales Specialist,https://careers.key.com/en-US/job/business-resource-center-sales-specialist/J3N1K56CHY461P85YP9,1,3,0,0,1,0,1,0,1,1
0,['Key Corp Bank'],Business Resource Center RM,https://careers.key.com/en-US/job/business-resource-center-rm/J3T73265C141JTZZ4HQ,0,4,0,1,1,0,1,0,0,1
0,['Key Corp Bank'],Personal Banker - Gig Harbor North,https://careers.key.com/en-US/job/personal-banker-gig-harbor-north/J3N2VC6WR7QN1B44B18,2,4,0,1,1,0,1,1,1,1
0,['Key Corp Bank'],Licensed Relationship Banker- Great Northern,https://careers.key.com/en-US/job/licensed-relationship-banker-great-northern/J3R6NH6S5P6HT8351R1,1,4,0,1,1,0,1,0,1,1
0,['Key Corp Bank'],Financial Wellness Banker-Highlands Ranch,https://careers.key.com/en-US/job/financial-wellness-banker-highlands-ranch/J3P59N6DHCP9BYSR3VX,2,4,0,1,1,0,1,1,1,1
0,['Key Corp Bank'],"2019 Private Loan Mgmt , Oil & Gas Energy Internship - Houston , TX",https://careers.key.com/en-US/job/2019-private-loan-mgmt-oil-gas-energy-internship-houston-tx/J3M60J74YJN5HKW9MVK,0,4,0,1,1,0,1,0,0,1
0,['Key Corp Bank'],Sr . Client Experience Manager,https://careers.key.com/en-US/job/sr-client-experience-manager/J3Q3C66Z139Z6GQ4HJJ,1,4,0,1,1,0,1,0,1,1
0,['Key Corp Bank'],"Private Bank Lending Officer- Pittsburgh , PA",https://careers.key.com/en-US/job/private-bank-lending-officer-pittsburgh-pa/J3W44H624JVHC0B1BCZ,1,4,0,1,1,0,1,0,1,1
0,['Key Corp Bank'],"Mortgage Loan Officer - West Seneca , NY",https://careers.key.com/en-US/job/mortgage-loan-officer-west-seneca-ny/J3Q0M271ZYLLZSCX9CQ,1,4,0,1,1,0,1,0,1,1
0,['Key Corp Bank'],Quant/Modeling Associate,https://careers.key.com/en-US/job/quant-modeling-associate/J3W0GV61R2JKPW4C6YR,1,4,0,1,1,0,1,0,1,1
0,['Key Corp Bank'],"Mortgage Market Manager - Plymouth Meeting , PA",https://careers.key.com/en-US/job/mortgage-market-manager-plymouth-meeting-pa/J3W5YY6T4H7YPL13Y3F,1,4,0,1,1,0,1,0,1,1
0,['Key Corp Bank'],"Mortgage Market Manager - Pittsburgh , PA",https://careers.key.com/en-US/job/mortgage-market-manager-pittsburgh-pa/J3Q89Y6PLSGTMCFGWCW,1,4,0,1,1,0,1,0,1,1
0,['Key Corp Bank'],"Mortgage Loan Officer - Essex Junction , VT",https://careers.key.com/en-US/job/mortgage-loan-officer-essex-junction-vt/J3M3D36L0Q82M29M9FG,1,4,0,1,1,0,1,0,1,1
0,['Key Corp Bank'],"Mortgage Loan Officer - Brunswick , ME",https://careers.key.com/en-US/job/mortgage-loan-officer-brunswick-me/J3Q4G46LHCB39VFXPBT,1,4,0,1,1,0,1,0,1,1
0,['Key Corp Bank'],Personal Banker-Littleton-Chatfield Branch,https://careers.key.com/en-US/job/personal-banker-littleton-chatfield-branch/J3V7346255GNZG8BWCR,2,4,0,1,1,0,1,1,1,1
0,['Key Corp Bank'],Personal Banker - Westside,https://careers.key.com/en-US/job/personal-banker-westside/J3T8DF5WSZ21D9MYDXN,2,4,0,1,1,0,1,1,1,1
0,['Key Corp Bank'],Licensed Relationship Manager - Marysville,https://careers.key.com/en-US/job/licensed-relationship-manager-marysville/J3R71X725HR3Q34DM1W,1,4,0,1,1,0,1,0,1,1
0,['Key Corp Bank'],Licensed Relationship Manager - Kenmore,https://careers.key.com/en-US/job/licensed-relationship-manager-kenmore/J3T3F46G9K3XL55MWCL,1,4,0,1,1,0,1,0,1,1
0,['Key Corp Bank'],Mortgage Loan Officer,https://careers.key.com/en-US/job/mortgage-loan-officer/J3M7F56R1Z0SFPPL15H,1,4,0,1,1,0,1,0,1,1
0,['Key Corp Bank'],Community Development Banking Mortgage Loan Officer,https://careers.key.com/en-US/job/community-development-banking-mortgage-loan-officer/J3N0QS74ZZCY85RH377,0,4,0,1,1,0,1,0,0,1
0,['Key Corp Bank'],Part-Time Mobile Teller - Brecksville,https://careers.key.com/en-US/job/part-time-mobile-teller-brecksville/J3M6QH5YNYDX4FR61GJ,2,4,0,1,1,0,1,1,1,1
0,['Key Corp Bank'],Teller-On Call- Ammon,https://careers.key.com/en-US/job/teller-on-call-ammon/J3P27N6X41BK7TBGNCM,2,4,0,1,1,0,1,1,1,1
0,['Key Corp Bank'],On Call Teller - West Center Pocatello,https://careers.key.com/en-US/job/on-call-teller-west-center-pocatello/J3P2D16949PYMLRVPGP,2,4,0,1,1,0,1,1,1,1
0,['Key Corp Bank'],Licensed Relationship Manager - Four Corners,https://careers.key.com/en-US/job/licensed-relationship-manager-four-corners/J3T7PL75K9B5KXKH2SB,1,4,0,1,1,0,1,0,1,1
0,['Key Corp Bank'],Telesales Mortgage Loan Officer,https://careers.key.com/en-US/job/telesales-mortgage-loan-officer/J3R66S6C1M5D560MMDJ,1,4,0,1,1,0,1,0,1,1
0,['Key Corp Bank'],"Mortgage Loan Officer - Seattle , WA",https://careers.key.com/en-US/job/mortgage-loan-officer-seattle-wa/J3W1YL74KKGXS49Q0ST,1,4,0,1,1,0,1,0,1,1
0,['Key Corp Bank'],"Mortgage Loan Officer - North Haven , CT",https://careers.key.com/en-US/job/mortgage-loan-officer-north-haven-ct/J3N89K6T5Q7BXNYZ5MN,1,4,0,1,1,0,1,0,1,1
0,['Key Corp Bank'],"Mortgage Loan Officer - Independence , OH",https://careers.key.com/en-US/job/mortgage-loan-officer-independence-oh/J3M24B6QP36Q81Q6ZP1,1,4,0,1,1,0,1,0,1,1
0,['Key Corp Bank'],Branch Manager - North Haven,https://careers.key.com/en-US/job/branch-manager-north-haven/J3S8655WP14J282D1MD,1,4,0,1,1,0,1,1,0,1
0,['Key Corp Bank'],Teller - 20 Hours - 23rd & Everett,https://careers.key.com/en-US/job/teller-20-hours-23rd-everett/J3T3S56TTZR66LY330X,2,4,0,1,1,0,1,1,1,1
0,['Key Corp Bank'],Personal Banker - Wilsonville,https://careers.key.com/en-US/job/personal-banker-wilsonville/J3T5XT7898DL1YX800B,2,4,0,1,1,0,1,1,1,1
0,['Key Corp Bank'],Licensed Relationship Banker - Manchester Main,https://careers.key.com/en-US/job/licensed-relationship-banker-manchester-main/J3T4HT6V7R3SKV1PT7Q,1,4,0,1,1,0,1,0,1,1
0,['Key Corp Bank'],Licensed Relationship Manager - Everett Madison,https://careers.key.com/en-US/job/licensed-relationship-manager-everett-madison/J3Q4DQ67X1F6ZVZHYQ1,1,4,0,1,1,0,1,0,1,1
0,['Key Corp Bank'],"VP , Investment Banking , M & A Technology , Boston",https://careers.key.com/en-US/job/vp-investment-banking-ma-technology-boston/J3P0BC676V6BXNBVWJG,2,5,1,1,1,0,1,1,1,1
0,['Key Corp Bank'],Associate Financial Advisor,https://careers.key.com/en-US/job/associate-financial-advisor/J3M0Q571GSRC8JM3WBY,1,4,0,1,1,0,1,0,1,1
0,['Key Corp Bank'],Licensed Relationship Manager-Port Orchard,https://careers.key.com/en-US/job/licensed-relationship-manager-port-orchard/J3N7XQ72VLP0DS0CRQ2,1,4,0,1,1,0,1,0,1,1
0,['Key Corp Bank'],Investment Banking Analyst,https://careers.key.com/en-US/job/investment-banking-analyst/J3Q7HF6QGSHGJ7KY3F9,1,3,1,0,0,0,1,0,1,1
0,['Key Corp Bank'],Investment Banking Associate,https://careers.key.com/en-US/job/investment-banking-associate/J3R3F860D96CD5HKQYJ,1,3,1,0,0,0,1,0,1,1
0,['Key Corp Bank'],Personal Banker- Wynantskill,https://careers.key.com/en-US/job/personal-banker-wynantskill/J3V2PN758CQVRBCVX35,2,4,0,1,1,0,1,1,1,1
0,['Key Corp Bank'],Teller ( 20 hours ) - Wynantskill,https://careers.key.com/en-US/job/teller-20-hours-wynantskill/J3W7CL788N2VPQ2NYDD,2,4,0,1,1,0,1,1,1,1
0,['Key Corp Bank'],Float Teller ( 40 hours ) - Rensselaer,https://careers.key.com/en-US/job/float-teller-40-hours-rensselaer/J3S7N871DCJJKKTV0PF,2,4,0,1,1,0,1,1,1,1
0,['Key Corp Bank'],Lead Full Stack Software Engineer,https://careers.key.com/en-US/job/lead-full-stack-software-engineer/J3Q35F75L5RPWV75C6Z,1,4,0,1,1,0,1,0,1,1
0,['Key Corp Bank'],Lead Full Stack Software Engineer,https://careers.key.com/en-US/job/lead-full-stack-software-engineer/J3M88L627F8MFC2FGZ4,1,4,0,1,1,0,1,0,1,1
0,['Key Corp Bank'],Lead Full Stack Software Engineer,https://careers.key.com/en-US/job/lead-full-stack-software-engineer/J3M3J16P04NLKZRCWN0,1,4,0,1,1,0,1,0,1,1
0,['Key Corp Bank'],"Finance Risk , Lead Analyst",https://careers.key.com/en-US/job/finance-risk-lead-analyst/J3T0VJ6V1WRMR98L83F,0,4,0,1,1,0,1,0,0,1
0,['Key Corp Bank'],Senior Private Bank Relationship Manager,https://careers.key.com/en-US/job/senior-private-bank-relationship-manager/J3N1QQ68G2SNYW1640M,1,5,1,1,1,0,1,0,1,1
0,['Key Corp Bank'],Personal Banker - Traverwood Branch,https://careers.key.com/en-US/job/personal-banker-traverwood-branch/J3V7W36YZ8C7MZF8J28,2,4,0,1,1,0,1,1,1,1
0,['Key Corp Bank'],Licensed Rel Mgr,https://careers.key.com/en-US/job/licensed-rel-mgr/J3P2L165KD3GJG4442V,1,4,0,1,1,0,1,0,1,1
0,['Key Corp Bank'],Lead Teller-Ballard,https://careers.key.com/en-US/job/lead-teller-ballard/J3N2QZ6G1PSM5KXH670,2,4,0,1,1,0,1,1,1,1
0,['Key Corp Bank'],Branch Manager - West Springfield Area,https://careers.key.com/en-US/job/branch-manager-west-springfield-area/J3S5KQ6FFSXMGRFN0NQ,1,4,0,1,1,0,1,1,0,1
0,['Key Corp Bank'],Regional Planning Strategist,https://careers.key.com/en-US/job/regional-planning-strategist/J3N3LZ76WLVT7JJYFTN,1,4,0,1,1,0,1,0,1,1
0,['Key Corp Bank'],Regional Planning Strategist,https://careers.key.com/en-US/job/regional-planning-strategist/J3T86P60X6X32D6HC66,1,4,0,1,1,0,1,0,1,1
0,['Key Corp Bank'],Regional Planning Strategist,https://careers.key.com/en-US/job/regional-planning-strategist/J3W0RX685WG6PJ8MDHG,1,4,0,1,1,0,1,0,1,1
0,['Key Corp Bank'],"Mortgage Loan Officer - Amherst , NY",https://careers.key.com/en-US/job/mortgage-loan-officer-amherst-ny/J3Q00R5VQH8PWHCNF5G,1,4,0,1,1,0,1,0,1,1
0,['Key Corp Bank'],"Mortgage Loan Officer - Logan , UT",https://careers.key.com/en-US/job/mortgage-loan-officer-logan-ut/J3Q86X6NQZ7KPDMY1VL,1,4,0,1,1,0,1,0,1,1
0,['Key Corp Bank'],Trust Associate III,https://careers.key.com/en-US/job/trust-associate-iii/J3N0PM6J148LGTQZ8VN,1,4,0,1,1,0,1,0,1,1
0,['Key Corp Bank'],"Mortgage Loan Officer - Lambertville/Ypsilanti/Ann Arbor , MI",https://careers.key.com/en-US/job/mortgage-loan-officer-lambertville-ypsilanti-ann-arbor-mi/J3N4636CFGCP86T7VL4,1,4,0,1,1,0,1,0,1,1
0,['Key Corp Bank'],Sr. Quantitative/Modeling Associate - AML,https://careers.key.com/en-US/job/sr-quantitative-modeling-associate-aml/J3V0HL778C1T36HCLPY,0,4,0,1,1,0,1,0,0,1
0,['Key Corp Bank'],Sr. Quantitative/Modeling Associate - AML,https://careers.key.com/en-US/job/sr-quantitative-modeling-associate-aml/J3V2X36DCMZSZY4BKFM,0,4,0,1,1,0,1,0,0,1
0,['Key Corp Bank'],Senior Mortgage Banker - Multifamily,https://careers.key.com/en-US/job/senior-mortgage-banker-multifamily/J3R1YV63M3DMJDDYV07,1,5,1,1,1,0,1,0,1,1
0,['Key Corp Bank'],Senior Full Stack Software Engineer,https://careers.key.com/en-US/job/senior-full-stack-software-engineer/J3W7NF5X8PRN6JT9C7G,1,4,0,1,1,0,1,0,1,1
0,['Key Corp Bank'],"Morgtgage Sales Assistant - Tacoma , WA",https://careers.key.com/en-US/job/morgtgage-sales-assistant-tacoma-wa/J3N7V56X3NR96M0XNSX,0,5,1,1,1,0,1,0,0,1
0,['Key Corp Bank'],Lead Service Officer,https://careers.key.com/en-US/job/lead-service-officer/J3P06H6MJ4X5RWV8F70,1,4,0,1,1,0,1,0,1,1
0,['Key Corp Bank'],Business Banking Relationship Manager,https://careers.key.com/en-US/job/business-banking-relationship-manager/J3S4TK77SHN13STGW6Q,1,5,1,1,1,0,1,0,1,1
0,['Key Corp Bank'],Business Banking Relationship Manager,https://careers.key.com/en-US/job/business-banking-relationship-manager/J3N5ZL5YNN4045D1BSD,1,5,1,1,1,0,1,0,1,1
0,['Key Corp Bank'],On Call Teller - Medford,https://careers.key.com/en-US/job/on-call-teller-medford/J3M7YF6ZJ9BLCJ5Y0V3,2,4,0,1,1,0,1,1,1,1
0,['Key Corp Bank'],Licensed Relationship Manager - Longview,https://careers.key.com/en-US/job/licensed-relationship-manager-longview/J3N0YY6NYLZRPSGQNQ6,1,4,0,1,1,0,1,0,1,1
0,['Key Corp Bank'],"Mortgage Loan Officer - Indianapolis , IN",https://careers.key.com/en-US/job/mortgage-loan-officer-indianapolis-in/J3R6VM6L7B0PSN6BNL6,1,4,0,1,1,0,1,0,1,1
0,['Key Corp Bank'],"Community Development Banking Loan Officer - Rutland , VT",https://careers.key.com/en-US/job/community-development-banking-loan-officer-rutland-vt/J3N7WS6YNYTH2ZGZJ73,0,4,0,1,1,0,1,0,0,1
0,['Key Corp Bank'],Teller-On Call-Fruitland,https://careers.key.com/en-US/job/teller-on-call-fruitland/J3T6CY5ZGGH8VG07KWM,2,4,0,1,1,0,1,1,1,1
0,['Key Corp Bank'],Part Time Teller - Solon,https://careers.key.com/en-US/job/part-time-teller-solon/J3N46N708V1N0XJ2XPB,2,4,0,1,1,0,1,1,1,1
0,['Key Corp Bank'],Part Time Teller - Norwalk,https://careers.key.com/en-US/job/part-time-teller-norwalk/J3Q3H560QS3W8V17T77,2,4,0,1,1,0,1,1,1,1
0,['Key Corp Bank'],Personal Banker - Newcastle,https://careers.key.com/en-US/job/personal-banker-newcastle/J3Q3616C8LLPRRNQM5N,2,4,0,1,1,0,1,1,1,1
0,['Key Corp Bank'],Part Time Teller - Norwalk,https://careers.key.com/en-US/job/part-time-teller-norwalk/J3N2CW6H4759CM914KQ,2,4,0,1,1,0,1,1,1,1
0,['Key Corp Bank'],Part Time Teller - Solon,https://careers.key.com/en-US/job/part-time-teller-solon/J3S39077JRR9DZ401SY,2,4,0,1,1,0,1,1,1,1
0,['Key Corp Bank'],On-Call Teller-Twin Falls,https://careers.key.com/en-US/job/on-call-teller-twin-falls/J3N5136096RGN14VQZ1,2,4,0,1,1,0,1,1,1,1
0,['Key Corp Bank'],Licensed Rel Mgr,https://careers.key.com/en-US/job/licensed-rel-mgr/J3M5W06YSDMFK3VZNSG,1,4,0,1,1,0,1,0,1,1
0,['Key Corp Bank'],Senior Closing Officer - Fannie & Freddie,https://careers.key.com/en-US/job/senior-closing-officer-fannie-freddie/J3T05W5Y4D9DQZ3524X,1,3,0,1,0,0,1,0,1,1
0,['Key Corp Bank'],Senior Closing Officer - Fannie & Freddie,https://careers.key.com/en-US/job/senior-closing-officer-fannie-freddie/J3N58V72P9R4S97R866,1,3,0,1,0,0,1,0,1,1
0,['Key Corp Bank'],"Relationship Manager II , Community Development Lending",https://careers.key.com/en-US/job/relationship-manager-ii-community-development-lending/J3V4KZ65LJ8P09Q187M,1,4,0,1,1,0,1,0,1,1
0,['Key Corp Bank'],Part-Time Teller Mobile - Western Avenue,https://careers.key.com/en-US/job/part-time-teller-mobile-western-avenue/J3N55X6MBTYHPRSF8TH,2,4,0,1,1,0,1,1,1,1
0,['Key Corp Bank'],Part-Time Teller - Squirrel Hill,https://careers.key.com/en-US/job/part-time-teller-squirrel-hill/J3R4YG64GLWWR56LVVN,2,4,0,1,1,0,1,1,1,1
0,['Key Corp Bank'],Licensed Relationship Manager - Allison Park,https://careers.key.com/en-US/job/licensed-relationship-manager-allison-park/J3V5D66FBXX0ZXV3NM4,1,4,0,1,1,0,1,0,1,1
0,['Key Corp Bank'],Financial Wellness Banker Castle Rock,https://careers.key.com/en-US/job/financial-wellness-banker-castle-rock/J3W8F663L8YX7NNSR23,2,4,0,1,1,0,1,1,1,1
0,['Key Corp Bank'],Licensed Relationship Manager-Wenatchee,https://careers.key.com/en-US/job/licensed-relationship-manager-wenatchee/J3M5VK5WFL7V7XHXWDQ,1,4,0,1,1,0,1,0,1,1
0,['Key Corp Bank'],"Sr . Manager , Digital Product Management - Financial Wellness",https://careers.key.com/en-US/job/sr-manager-digital-product-management-financial-wellness/J3R6QV5W2KC85Y5NFR6,1,5,1,1,1,0,1,0,1,1
0,['Key Corp Bank'],Senior Client Experience Manager,https://careers.key.com/en-US/job/senior-client-experience-manager/J3M84K747V076SS2CG7,1,4,0,1,1,0,1,0,1,1
0,['Key Corp Bank'],Private Bank Relationship Manager or Sr Private Bank RM,https://careers.key.com/en-US/job/private-bank-relationship-manager-or-sr-private-bank-rm/J3P4PD6GCVTB2Y2710V,1,5,1,1,1,0,1,0,1,1
0,['Key Corp Bank'],Account Compliance Coordinator,https://careers.key.com/en-US/job/account-compliance-coordinator/J3N01Y6QKJYKG58C7RN,0,4,0,1,1,0,1,0,0,1
0,['Key Corp Bank'],Business Banking Relationship Manager,https://careers.key.com/en-US/job/business-banking-relationship-manager/J3V306689B9YJQ1DLLG,1,5,1,1,1,0,1,0,1,1
0,['Key Corp Bank'],Associate Financial Advisor,https://careers.key.com/en-US/job/associate-financial-advisor/J3V81667LYHJ4QFJ5LJ,1,4,0,1,1,0,1,0,1,1
0,['Key Corp Bank'],Personal Banker-Golden,https://careers.key.com/en-US/job/personal-banker-golden/J3S7YC65FX6HYQJXR3G,2,4,0,1,1,0,1,1,1,1
0,['Key Corp Bank'],Licensed Relationship Banker-Union Street,https://careers.key.com/en-US/job/licensed-relationship-banker-union-street/J3S6QZ74TRSSRV489W9,1,4,0,1,1,0,1,0,1,1
0,['Key Corp Bank'],Licensed Relationship Banker -- Maple Ave,https://careers.key.com/en-US/job/licensed-relationship-banker-maple-ave/J3Q6Q76YKKYKHPW8260,1,4,0,1,1,0,1,0,1,1
0,['Key Corp Bank'],Personal Banker - Downingtown,https://careers.key.com/en-US/job/personal-banker-downingtown/J3V3K66K0Y9G5B45ZB7,2,4,0,1,1,0,1,1,1,1
0,['Key Corp Bank'],Personal Banker - Warminster,https://careers.key.com/en-US/job/personal-banker-warminster/J3M5DV6G6ZKTP9X0STN,2,4,0,1,1,0,1,1,1,1
0,['Key Corp Bank'],Personal Banker - Warminster,https://careers.key.com/en-US/job/personal-banker-warminster/J3S8F65X5GYL6TW7GRL,2,4,0,1,1,0,1,1,1,1
0,['Key Corp Bank'],Personal Banker-Multibranch - North Canton,https://careers.key.com/en-US/job/personal-banker-multibranch-north-canton/J3M16G5WPR3ZTN6CT1B,2,4,0,1,1,0,1,1,1,1
0,['Key Corp Bank'],Part Time Teller ( 20 hours ) - Monfort Heights Branch,https://careers.key.com/en-US/job/part-time-teller-20-hours-monfort-heights-branch/J3M2DG73NDNZDZXJ92Y,2,4,0,1,1,0,1,1,1,1
0,['Key Corp Bank'],Licensed Relationship Manager - Pepper Pike,https://careers.key.com/en-US/job/licensed-relationship-manager-pepper-pike/J3N2B96D5PMNFQBJR5Z,1,4,0,1,1,0,1,0,1,1
0,['Key Corp Bank'],Branch Manager- Mexico Area,https://careers.key.com/en-US/job/branch-manager-mexico-area/J3N3206WQ6N57MNLVV2,1,4,0,1,1,0,1,1,0,1
0,['Key Corp Bank'],Licensed Relationship Banker- Ballston Spa,https://careers.key.com/en-US/job/licensed-relationship-banker-ballston-spa/J3P4LW6ZLQGK7M3ZS62,1,4,0,1,1,0,1,0,1,1
0,['Key Corp Bank'],Float Teller - 20 Hours - South Anchorage,https://careers.key.com/en-US/job/float-teller-20-hours-south-anchorage/J3R34L6GJY1990VW0XR,2,4,0,1,1,0,1,1,1,1
0,['Key Corp Bank'],Market Risk Senior Professional - Customer Trading,https://careers.key.com/en-US/job/market-risk-senior-professional-customer-trading/J3Q5C36C4FDFS5HVGKY,1,4,0,1,1,0,1,0,1,1
0,['Key Corp Bank'],Market Risk Senior Professional - Customer Trading,https://careers.key.com/en-US/job/market-risk-senior-professional-customer-trading/J3M4B574RD6JB13VDWB,1,4,0,1,1,0,1,0,1,1
0,['Key Corp Bank'],Market Risk Senior Professional - Customer Trading,https://careers.key.com/en-US/job/market-risk-senior-professional-customer-trading/J3R0886F459NT7DH4Y6,1,4,0,1,1,0,1,0,1,1
0,['Key Corp Bank'],"Mortgage Loan Officer - Vernon , CT",https://careers.key.com/en-US/job/mortgage-loan-officer-vernon-ct/J3V30R6VBJCDT31191K,1,4,0,1,1,0,1,0,1,1
0,['Key Corp Bank'],Underwriter Analyst,https://careers.key.com/en-US/job/underwriter-analyst/J3V2ZR6KRMSMRXSBDJ3,0,4,0,1,1,0,1,0,0,1
0,['Key Corp Bank'],Underwriter Analyst,https://careers.key.com/en-US/job/underwriter-analyst/J3P03G66M2FW2QP7Y6W,0,4,0,1,1,0,1,0,0,1
0,['Key Corp Bank'],"Private Banking Loan Officer - Canton , OH",https://careers.key.com/en-US/job/private-banking-loan-officer-canton-oh/J3T12G709Y57933XHMS,1,4,0,1,1,0,1,0,1,1
0,['Key Corp Bank'],"Mortgage Loan Officer - Hilliard , OH",https://careers.key.com/en-US/job/mortgage-loan-officer-hilliard-oh/J3V6CY6LQSXXJ8GSFK5,1,4,0,1,1,0,1,0,1,1
0,['Key Corp Bank'],"Mortgage Loan Officer - Stow , OH",https://careers.key.com/en-US/job/mortgage-loan-officer-stow-oh/J3P6XG706L6MQ0XTNF5,1,4,0,1,1,0,1,0,1,1
0,['Key Corp Bank'],"Mortgage Loan Officer - Canton , OH",https://careers.key.com/en-US/job/mortgage-loan-officer-canton-oh/J3M1K973KS2WVTZXC34,1,4,0,1,1,0,1,0,1,1
0,['Key Corp Bank'],Teller - 22 Hours - Stayton,https://careers.key.com/en-US/job/teller-22-hours-stayton/J3P4CW6983VSC853611,2,4,0,1,1,0,1,1,1,1
0,['Key Corp Bank'],Teller ( 30 Hours ) -SoDo,https://careers.key.com/en-US/job/teller-30-hours-sodo/J3T5Q46FC9CSMBM524V,2,4,0,1,1,0,1,1,1,1
0,['Key Corp Bank'],Teller ( 20 hours ) - Maine Mall,https://careers.key.com/en-US/job/teller-20-hours-maine-mall/J3Q6W365S3WT58FW9GC,2,4,0,1,1,0,1,1,1,1
0,['Key Corp Bank'],Personal Banker- Burlington Area,https://careers.key.com/en-US/job/personal-banker-burlington-area/J3Q69375JFZXVNQZNVN,2,4,0,1,1,0,1,1,1,1
0,['Key Corp Bank'],Licensed Relationship Manager-Upper Queen Anne,https://careers.key.com/en-US/job/licensed-relationship-manager-upper-queen-anne/J3T00S5X1C41SNPPQQ8,1,4,0,1,1,0,1,0,1,1
0,['Key Corp Bank'],Branch Manager- East Syracuse,https://careers.key.com/en-US/job/branch-manager-east-syracuse/J3W5QF72JNNX7RVG4FZ,1,4,0,1,1,0,1,1,0,1
